C-BIMSCHULJAHR-0;C-BIMAUSBILDN4-0;C-BIMSEX-0;C-BIMAMSTBIM18M6-0;F-BIBER_ABSCHL_EXTERN
2008;BIMEXTAUSBILDN4-100;1;BIMEXTAMSTBIM6-1;52459
2008;BIMEXTAUSBILDN4-100;1;BIMEXTAMSTBIM6-2;416
2008;BIMEXTAUSBILDN4-100;1;BIMEXTAMSTBIM6-3;1671
2008;BIMEXTAUSBILDN4-100;1;BIMEXTAMSTBIM6-4;2612
2008;BIMEXTAUSBILDN4-100;2;BIMEXTAMSTBIM6-1;45949
2008;BIMEXTAUSBILDN4-100;2;BIMEXTAMSTBIM6-2;774
2008;BIMEXTAUSBILDN4-100;2;BIMEXTAMSTBIM6-3;1480
2008;BIMEXTAUSBILDN4-100;2;BIMEXTAMSTBIM6-4;2620
2008;BIMEXTAUSBILDN4-300;1;BIMEXTAMSTBIM6-1;1044
2008;BIMEXTAUSBILDN4-300;1;BIMEXTAMSTBIM6-2;20095
2008;BIMEXTAUSBILDN4-300;1;BIMEXTAMSTBIM6-3;2655
2008;BIMEXTAUSBILDN4-300;1;BIMEXTAMSTBIM6-4;2451
2008;BIMEXTAUSBILDN4-300;2;BIMEXTAMSTBIM6-1;714
2008;BIMEXTAUSBILDN4-300;2;BIMEXTAMSTBIM6-2;12685
2008;BIMEXTAUSBILDN4-300;2;BIMEXTAMSTBIM6-3;1558
2008;BIMEXTAUSBILDN4-300;2;BIMEXTAMSTBIM6-4;1919
2008;BIMEXTAUSBILDN4-400;1;BIMEXTAMSTBIM6-1;2050
2008;BIMEXTAUSBILDN4-400;1;BIMEXTAMSTBIM6-2;2265
2008;BIMEXTAUSBILDN4-400;1;BIMEXTAMSTBIM6-3;359
2008;BIMEXTAUSBILDN4-400;1;BIMEXTAMSTBIM6-4;775
2008;BIMEXTAUSBILDN4-400;2;BIMEXTAMSTBIM6-1;3800
2008;BIMEXTAUSBILDN4-400;2;BIMEXTAMSTBIM6-2;2965
2008;BIMEXTAUSBILDN4-400;2;BIMEXTAMSTBIM6-3;504
2008;BIMEXTAUSBILDN4-400;2;BIMEXTAMSTBIM6-4;861
2008;BIMEXTAUSBILDN4-500;1;BIMEXTAMSTBIM6-1;211
2008;BIMEXTAUSBILDN4-500;1;BIMEXTAMSTBIM6-2;3656
2008;BIMEXTAUSBILDN4-500;1;BIMEXTAMSTBIM6-3;89
2008;BIMEXTAUSBILDN4-500;1;BIMEXTAMSTBIM6-4;132
2008;BIMEXTAUSBILDN4-500;2;BIMEXTAMSTBIM6-1;241
2008;BIMEXTAUSBILDN4-500;2;BIMEXTAMSTBIM6-2;4021
2008;BIMEXTAUSBILDN4-500;2;BIMEXTAMSTBIM6-3;46
2008;BIMEXTAUSBILDN4-500;2;BIMEXTAMSTBIM6-4;397
2008;BIMEXTAUSBILDN4-600;1;BIMEXTAMSTBIM6-1;6093
2008;BIMEXTAUSBILDN4-600;1;BIMEXTAMSTBIM6-2;522
2008;BIMEXTAUSBILDN4-600;1;BIMEXTAMSTBIM6-3;69
2008;BIMEXTAUSBILDN4-600;1;BIMEXTAMSTBIM6-4;934
2008;BIMEXTAUSBILDN4-600;2;BIMEXTAMSTBIM6-1;9378
2008;BIMEXTAUSBILDN4-600;2;BIMEXTAMSTBIM6-2;509
2008;BIMEXTAUSBILDN4-600;2;BIMEXTAMSTBIM6-3;80
2008;BIMEXTAUSBILDN4-600;2;BIMEXTAMSTBIM6-4;901
2008;BIMEXTAUSBILDN4-700;1;BIMEXTAMSTBIM6-1;4574
2008;BIMEXTAUSBILDN4-700;1;BIMEXTAMSTBIM6-2;4354
2008;BIMEXTAUSBILDN4-700;1;BIMEXTAMSTBIM6-3;312
2008;BIMEXTAUSBILDN4-700;1;BIMEXTAMSTBIM6-4;691
2008;BIMEXTAUSBILDN4-700;2;BIMEXTAMSTBIM6-1;6497
2008;BIMEXTAUSBILDN4-700;2;BIMEXTAMSTBIM6-2;5471
2008;BIMEXTAUSBILDN4-700;2;BIMEXTAMSTBIM6-3;313
2008;BIMEXTAUSBILDN4-700;2;BIMEXTAMSTBIM6-4;883
2008;BIMEXTAUSBILDN4-800;1;BIMEXTAMSTBIM6-1;106
2008;BIMEXTAUSBILDN4-800;1;BIMEXTAMSTBIM6-2;94
2008;BIMEXTAUSBILDN4-800;1;BIMEXTAMSTBIM6-3;2
2008;BIMEXTAUSBILDN4-800;1;BIMEXTAMSTBIM6-4;6
2008;BIMEXTAUSBILDN4-800;2;BIMEXTAMSTBIM6-1;94
2008;BIMEXTAUSBILDN4-800;2;BIMEXTAMSTBIM6-2;145
2008;BIMEXTAUSBILDN4-800;2;BIMEXTAMSTBIM6-3;5
2008;BIMEXTAUSBILDN4-800;2;BIMEXTAMSTBIM6-4;28
2008;BIMEXTAUSBILDN4-900;1;BIMEXTAMSTBIM6-1;305
2008;BIMEXTAUSBILDN4-900;1;BIMEXTAMSTBIM6-2;1182
2008;BIMEXTAUSBILDN4-900;1;BIMEXTAMSTBIM6-3;34
2008;BIMEXTAUSBILDN4-900;1;BIMEXTAMSTBIM6-4;95
2008;BIMEXTAUSBILDN4-900;2;BIMEXTAMSTBIM6-1;529
2008;BIMEXTAUSBILDN4-900;2;BIMEXTAMSTBIM6-2;1780
2008;BIMEXTAUSBILDN4-900;2;BIMEXTAMSTBIM6-3;55
2008;BIMEXTAUSBILDN4-900;2;BIMEXTAMSTBIM6-4;318
2008;BIMEXTAUSBILDN4-110;1;BIMEXTAMSTBIM6-1;7118
2008;BIMEXTAUSBILDN4-110;1;BIMEXTAMSTBIM6-2;7234
2008;BIMEXTAUSBILDN4-110;1;BIMEXTAMSTBIM6-3;296
2008;BIMEXTAUSBILDN4-110;1;BIMEXTAMSTBIM6-4;1775
2008;BIMEXTAUSBILDN4-110;2;BIMEXTAMSTBIM6-1;7468
2008;BIMEXTAUSBILDN4-110;2;BIMEXTAMSTBIM6-2;9220
2008;BIMEXTAUSBILDN4-110;2;BIMEXTAMSTBIM6-3;428
2008;BIMEXTAUSBILDN4-110;2;BIMEXTAMSTBIM6-4;2742
2008;BIMEXTAUSBILDN4-980;1;BIMEXTAMSTBIM6-1;3034
2008;BIMEXTAUSBILDN4-980;1;BIMEXTAMSTBIM6-2;4977
2008;BIMEXTAUSBILDN4-980;1;BIMEXTAMSTBIM6-3;464
2008;BIMEXTAUSBILDN4-980;1;BIMEXTAMSTBIM6-4;780
2008;BIMEXTAUSBILDN4-980;2;BIMEXTAMSTBIM6-1;1279
2008;BIMEXTAUSBILDN4-980;2;BIMEXTAMSTBIM6-2;3295
2008;BIMEXTAUSBILDN4-980;2;BIMEXTAMSTBIM6-3;293
2008;BIMEXTAUSBILDN4-980;2;BIMEXTAMSTBIM6-4;719
2009;BIMEXTAUSBILDN4-100;1;BIMEXTAMSTBIM6-1;51601
2009;BIMEXTAUSBILDN4-100;1;BIMEXTAMSTBIM6-2;422
2009;BIMEXTAUSBILDN4-100;1;BIMEXTAMSTBIM6-3;1530
2009;BIMEXTAUSBILDN4-100;1;BIMEXTAMSTBIM6-4;2678
2009;BIMEXTAUSBILDN4-100;2;BIMEXTAMSTBIM6-1;45451
2009;BIMEXTAUSBILDN4-100;2;BIMEXTAMSTBIM6-2;727
2009;BIMEXTAUSBILDN4-100;2;BIMEXTAMSTBIM6-3;1409
2009;BIMEXTAUSBILDN4-100;2;BIMEXTAMSTBIM6-4;2532
2009;BIMEXTAUSBILDN4-300;1;BIMEXTAMSTBIM6-1;1075
2009;BIMEXTAUSBILDN4-300;1;BIMEXTAMSTBIM6-2;21016
2009;BIMEXTAUSBILDN4-300;1;BIMEXTAMSTBIM6-3;2563
2009;BIMEXTAUSBILDN4-300;1;BIMEXTAMSTBIM6-4;2580
2009;BIMEXTAUSBILDN4-300;2;BIMEXTAMSTBIM6-1;706
2009;BIMEXTAUSBILDN4-300;2;BIMEXTAMSTBIM6-2;13709
2009;BIMEXTAUSBILDN4-300;2;BIMEXTAMSTBIM6-3;1597
2009;BIMEXTAUSBILDN4-300;2;BIMEXTAMSTBIM6-4;1996
2009;BIMEXTAUSBILDN4-400;1;BIMEXTAMSTBIM6-1;2036
2009;BIMEXTAUSBILDN4-400;1;BIMEXTAMSTBIM6-2;2401
2009;BIMEXTAUSBILDN4-400;1;BIMEXTAMSTBIM6-3;372
2009;BIMEXTAUSBILDN4-400;1;BIMEXTAMSTBIM6-4;824
2009;BIMEXTAUSBILDN4-400;2;BIMEXTAMSTBIM6-1;3869
2009;BIMEXTAUSBILDN4-400;2;BIMEXTAMSTBIM6-2;3254
2009;BIMEXTAUSBILDN4-400;2;BIMEXTAMSTBIM6-3;490
2009;BIMEXTAUSBILDN4-400;2;BIMEXTAMSTBIM6-4;755
2009;BIMEXTAUSBILDN4-500;1;BIMEXTAMSTBIM6-1;232
2009;BIMEXTAUSBILDN4-500;1;BIMEXTAMSTBIM6-2;4318
2009;BIMEXTAUSBILDN4-500;1;BIMEXTAMSTBIM6-3;106
2009;BIMEXTAUSBILDN4-500;1;BIMEXTAMSTBIM6-4;130
2009;BIMEXTAUSBILDN4-500;2;BIMEXTAMSTBIM6-1;237
2009;BIMEXTAUSBILDN4-500;2;BIMEXTAMSTBIM6-2;4406
2009;BIMEXTAUSBILDN4-500;2;BIMEXTAMSTBIM6-3;77
2009;BIMEXTAUSBILDN4-500;2;BIMEXTAMSTBIM6-4;404
2009;BIMEXTAUSBILDN4-600;1;BIMEXTAMSTBIM6-1;6153
2009;BIMEXTAUSBILDN4-600;1;BIMEXTAMSTBIM6-2;533
2009;BIMEXTAUSBILDN4-600;1;BIMEXTAMSTBIM6-3;110
2009;BIMEXTAUSBILDN4-600;1;BIMEXTAMSTBIM6-4;972
2009;BIMEXTAUSBILDN4-600;2;BIMEXTAMSTBIM6-1;9398
2009;BIMEXTAUSBILDN4-600;2;BIMEXTAMSTBIM6-2;552
2009;BIMEXTAUSBILDN4-600;2;BIMEXTAMSTBIM6-3;80
2009;BIMEXTAUSBILDN4-600;2;BIMEXTAMSTBIM6-4;912
2009;BIMEXTAUSBILDN4-700;1;BIMEXTAMSTBIM6-1;4568
2009;BIMEXTAUSBILDN4-700;1;BIMEXTAMSTBIM6-2;4573
2009;BIMEXTAUSBILDN4-700;1;BIMEXTAMSTBIM6-3;270
2009;BIMEXTAUSBILDN4-700;1;BIMEXTAMSTBIM6-4;728
2009;BIMEXTAUSBILDN4-700;2;BIMEXTAMSTBIM6-1;6768
2009;BIMEXTAUSBILDN4-700;2;BIMEXTAMSTBIM6-2;5551
2009;BIMEXTAUSBILDN4-700;2;BIMEXTAMSTBIM6-3;314
2009;BIMEXTAUSBILDN4-700;2;BIMEXTAMSTBIM6-4;892
2009;BIMEXTAUSBILDN4-800;1;BIMEXTAMSTBIM6-1;202
2009;BIMEXTAUSBILDN4-800;1;BIMEXTAMSTBIM6-2;147
2009;BIMEXTAUSBILDN4-800;1;BIMEXTAMSTBIM6-3;6
2009;BIMEXTAUSBILDN4-800;1;BIMEXTAMSTBIM6-4;24
2009;BIMEXTAUSBILDN4-800;2;BIMEXTAMSTBIM6-1;163
2009;BIMEXTAUSBILDN4-800;2;BIMEXTAMSTBIM6-2;205
2009;BIMEXTAUSBILDN4-800;2;BIMEXTAMSTBIM6-3;5
2009;BIMEXTAUSBILDN4-800;2;BIMEXTAMSTBIM6-4;31
2009;BIMEXTAUSBILDN4-900;1;BIMEXTAMSTBIM6-1;351
2009;BIMEXTAUSBILDN4-900;1;BIMEXTAMSTBIM6-2;1720
2009;BIMEXTAUSBILDN4-900;1;BIMEXTAMSTBIM6-3;52
2009;BIMEXTAUSBILDN4-900;1;BIMEXTAMSTBIM6-4;157
2009;BIMEXTAUSBILDN4-900;2;BIMEXTAMSTBIM6-1;697
2009;BIMEXTAUSBILDN4-900;2;BIMEXTAMSTBIM6-2;2227
2009;BIMEXTAUSBILDN4-900;2;BIMEXTAMSTBIM6-3;68
2009;BIMEXTAUSBILDN4-900;2;BIMEXTAMSTBIM6-4;338
2009;BIMEXTAUSBILDN4-110;1;BIMEXTAMSTBIM6-1;7505
2009;BIMEXTAUSBILDN4-110;1;BIMEXTAMSTBIM6-2;7778
2009;BIMEXTAUSBILDN4-110;1;BIMEXTAMSTBIM6-3;291
2009;BIMEXTAUSBILDN4-110;1;BIMEXTAMSTBIM6-4;2005
2009;BIMEXTAUSBILDN4-110;2;BIMEXTAMSTBIM6-1;7883
2009;BIMEXTAUSBILDN4-110;2;BIMEXTAMSTBIM6-2;9616
2009;BIMEXTAUSBILDN4-110;2;BIMEXTAMSTBIM6-3;469
2009;BIMEXTAUSBILDN4-110;2;BIMEXTAMSTBIM6-4;2844
2009;BIMEXTAUSBILDN4-980;1;BIMEXTAMSTBIM6-1;2916
2009;BIMEXTAUSBILDN4-980;1;BIMEXTAMSTBIM6-2;4563
2009;BIMEXTAUSBILDN4-980;1;BIMEXTAMSTBIM6-3;366
2009;BIMEXTAUSBILDN4-980;1;BIMEXTAMSTBIM6-4;698
2009;BIMEXTAUSBILDN4-980;2;BIMEXTAMSTBIM6-1;1369
2009;BIMEXTAUSBILDN4-980;2;BIMEXTAMSTBIM6-2;3448
2009;BIMEXTAUSBILDN4-980;2;BIMEXTAMSTBIM6-3;303
2009;BIMEXTAUSBILDN4-980;2;BIMEXTAMSTBIM6-4;672
2010;BIMEXTAUSBILDN4-100;1;BIMEXTAMSTBIM6-1;51177
2010;BIMEXTAUSBILDN4-100;1;BIMEXTAMSTBIM6-2;338
2010;BIMEXTAUSBILDN4-100;1;BIMEXTAMSTBIM6-3;1552
2010;BIMEXTAUSBILDN4-100;1;BIMEXTAMSTBIM6-4;2711
2010;BIMEXTAUSBILDN4-100;2;BIMEXTAMSTBIM6-1;45330
2010;BIMEXTAUSBILDN4-100;2;BIMEXTAMSTBIM6-2;666
2010;BIMEXTAUSBILDN4-100;2;BIMEXTAMSTBIM6-3;1321
2010;BIMEXTAUSBILDN4-100;2;BIMEXTAMSTBIM6-4;2523
2010;BIMEXTAUSBILDN4-300;1;BIMEXTAMSTBIM6-1;1185
2010;BIMEXTAUSBILDN4-300;1;BIMEXTAMSTBIM6-2;21112
2010;BIMEXTAUSBILDN4-300;1;BIMEXTAMSTBIM6-3;2786
2010;BIMEXTAUSBILDN4-300;1;BIMEXTAMSTBIM6-4;2577
2010;BIMEXTAUSBILDN4-300;2;BIMEXTAMSTBIM6-1;746
2010;BIMEXTAUSBILDN4-300;2;BIMEXTAMSTBIM6-2;13137
2010;BIMEXTAUSBILDN4-300;2;BIMEXTAMSTBIM6-3;1760
2010;BIMEXTAUSBILDN4-300;2;BIMEXTAMSTBIM6-4;1889
2010;BIMEXTAUSBILDN4-400;1;BIMEXTAMSTBIM6-1;2264
2010;BIMEXTAUSBILDN4-400;1;BIMEXTAMSTBIM6-2;2456
2010;BIMEXTAUSBILDN4-400;1;BIMEXTAMSTBIM6-3;352
2010;BIMEXTAUSBILDN4-400;1;BIMEXTAMSTBIM6-4;827
2010;BIMEXTAUSBILDN4-400;2;BIMEXTAMSTBIM6-1;3862
2010;BIMEXTAUSBILDN4-400;2;BIMEXTAMSTBIM6-2;3073
2010;BIMEXTAUSBILDN4-400;2;BIMEXTAMSTBIM6-3;442
2010;BIMEXTAUSBILDN4-400;2;BIMEXTAMSTBIM6-4;854
2010;BIMEXTAUSBILDN4-500;1;BIMEXTAMSTBIM6-1;159
2010;BIMEXTAUSBILDN4-500;1;BIMEXTAMSTBIM6-2;3673
2010;BIMEXTAUSBILDN4-500;1;BIMEXTAMSTBIM6-3;127
2010;BIMEXTAUSBILDN4-500;1;BIMEXTAMSTBIM6-4;123
2010;BIMEXTAUSBILDN4-500;2;BIMEXTAMSTBIM6-1;223
2010;BIMEXTAUSBILDN4-500;2;BIMEXTAMSTBIM6-2;3849
2010;BIMEXTAUSBILDN4-500;2;BIMEXTAMSTBIM6-3;56
2010;BIMEXTAUSBILDN4-500;2;BIMEXTAMSTBIM6-4;351
2010;BIMEXTAUSBILDN4-600;1;BIMEXTAMSTBIM6-1;6030
2010;BIMEXTAUSBILDN4-600;1;BIMEXTAMSTBIM6-2;514
2010;BIMEXTAUSBILDN4-600;1;BIMEXTAMSTBIM6-3;73
2010;BIMEXTAUSBILDN4-600;1;BIMEXTAMSTBIM6-4;1023
2010;BIMEXTAUSBILDN4-600;2;BIMEXTAMSTBIM6-1;9366
2010;BIMEXTAUSBILDN4-600;2;BIMEXTAMSTBIM6-2;519
2010;BIMEXTAUSBILDN4-600;2;BIMEXTAMSTBIM6-3;67
2010;BIMEXTAUSBILDN4-600;2;BIMEXTAMSTBIM6-4;941
2010;BIMEXTAUSBILDN4-700;1;BIMEXTAMSTBIM6-1;4769
2010;BIMEXTAUSBILDN4-700;1;BIMEXTAMSTBIM6-2;4671
2010;BIMEXTAUSBILDN4-700;1;BIMEXTAMSTBIM6-3;303
2010;BIMEXTAUSBILDN4-700;1;BIMEXTAMSTBIM6-4;784
2010;BIMEXTAUSBILDN4-700;2;BIMEXTAMSTBIM6-1;6736
2010;BIMEXTAUSBILDN4-700;2;BIMEXTAMSTBIM6-2;5867
2010;BIMEXTAUSBILDN4-700;2;BIMEXTAMSTBIM6-3;301
2010;BIMEXTAUSBILDN4-700;2;BIMEXTAMSTBIM6-4;899
2010;BIMEXTAUSBILDN4-800;1;BIMEXTAMSTBIM6-1;225
2010;BIMEXTAUSBILDN4-800;1;BIMEXTAMSTBIM6-2;212
2010;BIMEXTAUSBILDN4-800;1;BIMEXTAMSTBIM6-3;9
2010;BIMEXTAUSBILDN4-800;1;BIMEXTAMSTBIM6-4;37
2010;BIMEXTAUSBILDN4-800;2;BIMEXTAMSTBIM6-1;169
2010;BIMEXTAUSBILDN4-800;2;BIMEXTAMSTBIM6-2;254
2010;BIMEXTAUSBILDN4-800;2;BIMEXTAMSTBIM6-3;14
2010;BIMEXTAUSBILDN4-800;2;BIMEXTAMSTBIM6-4;63
2010;BIMEXTAUSBILDN4-900;1;BIMEXTAMSTBIM6-1;459
2010;BIMEXTAUSBILDN4-900;1;BIMEXTAMSTBIM6-2;2030
2010;BIMEXTAUSBILDN4-900;1;BIMEXTAMSTBIM6-3;49
2010;BIMEXTAUSBILDN4-900;1;BIMEXTAMSTBIM6-4;187
2010;BIMEXTAUSBILDN4-900;2;BIMEXTAMSTBIM6-1;979
2010;BIMEXTAUSBILDN4-900;2;BIMEXTAMSTBIM6-2;3400
2010;BIMEXTAUSBILDN4-900;2;BIMEXTAMSTBIM6-3;82
2010;BIMEXTAUSBILDN4-900;2;BIMEXTAMSTBIM6-4;517
2010;BIMEXTAUSBILDN4-110;1;BIMEXTAMSTBIM6-1;8279
2010;BIMEXTAUSBILDN4-110;1;BIMEXTAMSTBIM6-2;8178
2010;BIMEXTAUSBILDN4-110;1;BIMEXTAMSTBIM6-3;348
2010;BIMEXTAUSBILDN4-110;1;BIMEXTAMSTBIM6-4;2095
2010;BIMEXTAUSBILDN4-110;2;BIMEXTAMSTBIM6-1;8752
2010;BIMEXTAUSBILDN4-110;2;BIMEXTAMSTBIM6-2;9952
2010;BIMEXTAUSBILDN4-110;2;BIMEXTAMSTBIM6-3;457
2010;BIMEXTAUSBILDN4-110;2;BIMEXTAMSTBIM6-4;3068
2010;BIMEXTAUSBILDN4-980;1;BIMEXTAMSTBIM6-1;2713
2010;BIMEXTAUSBILDN4-980;1;BIMEXTAMSTBIM6-2;4609
2010;BIMEXTAUSBILDN4-980;1;BIMEXTAMSTBIM6-3;383
2010;BIMEXTAUSBILDN4-980;1;BIMEXTAMSTBIM6-4;715
2010;BIMEXTAUSBILDN4-980;2;BIMEXTAMSTBIM6-1;1273
2010;BIMEXTAUSBILDN4-980;2;BIMEXTAMSTBIM6-2;3553
2010;BIMEXTAUSBILDN4-980;2;BIMEXTAMSTBIM6-3;296
2010;BIMEXTAUSBILDN4-980;2;BIMEXTAMSTBIM6-4;682
2011;BIMEXTAUSBILDN4-100;1;BIMEXTAMSTBIM6-1;48727
2011;BIMEXTAUSBILDN4-100;1;BIMEXTAMSTBIM6-2;275
2011;BIMEXTAUSBILDN4-100;1;BIMEXTAMSTBIM6-3;1659
2011;BIMEXTAUSBILDN4-100;1;BIMEXTAMSTBIM6-4;2512
2011;BIMEXTAUSBILDN4-100;2;BIMEXTAMSTBIM6-1;42832
2011;BIMEXTAUSBILDN4-100;2;BIMEXTAMSTBIM6-2;603
2011;BIMEXTAUSBILDN4-100;2;BIMEXTAMSTBIM6-3;1253
2011;BIMEXTAUSBILDN4-100;2;BIMEXTAMSTBIM6-4;2317
2011;BIMEXTAUSBILDN4-300;1;BIMEXTAMSTBIM6-1;1287
2011;BIMEXTAUSBILDN4-300;1;BIMEXTAMSTBIM6-2;20437
2011;BIMEXTAUSBILDN4-300;1;BIMEXTAMSTBIM6-3;3053
2011;BIMEXTAUSBILDN4-300;1;BIMEXTAMSTBIM6-4;2707
2011;BIMEXTAUSBILDN4-300;2;BIMEXTAMSTBIM6-1;750
2011;BIMEXTAUSBILDN4-300;2;BIMEXTAMSTBIM6-2;12991
2011;BIMEXTAUSBILDN4-300;2;BIMEXTAMSTBIM6-3;1901
2011;BIMEXTAUSBILDN4-300;2;BIMEXTAMSTBIM6-4;1743
2011;BIMEXTAUSBILDN4-400;1;BIMEXTAMSTBIM6-1;2251
2011;BIMEXTAUSBILDN4-400;1;BIMEXTAMSTBIM6-2;2437
2011;BIMEXTAUSBILDN4-400;1;BIMEXTAMSTBIM6-3;361
2011;BIMEXTAUSBILDN4-400;1;BIMEXTAMSTBIM6-4;922
2011;BIMEXTAUSBILDN4-400;2;BIMEXTAMSTBIM6-1;3801
2011;BIMEXTAUSBILDN4-400;2;BIMEXTAMSTBIM6-2;3238
2011;BIMEXTAUSBILDN4-400;2;BIMEXTAMSTBIM6-3;515
2011;BIMEXTAUSBILDN4-400;2;BIMEXTAMSTBIM6-4;833
2011;BIMEXTAUSBILDN4-500;1;BIMEXTAMSTBIM6-1;160
2011;BIMEXTAUSBILDN4-500;1;BIMEXTAMSTBIM6-2;3619
2011;BIMEXTAUSBILDN4-500;1;BIMEXTAMSTBIM6-3;106
2011;BIMEXTAUSBILDN4-500;1;BIMEXTAMSTBIM6-4;98
2011;BIMEXTAUSBILDN4-500;2;BIMEXTAMSTBIM6-1;224
2011;BIMEXTAUSBILDN4-500;2;BIMEXTAMSTBIM6-2;3827
2011;BIMEXTAUSBILDN4-500;2;BIMEXTAMSTBIM6-3;68
2011;BIMEXTAUSBILDN4-500;2;BIMEXTAMSTBIM6-4;352
2011;BIMEXTAUSBILDN4-600;1;BIMEXTAMSTBIM6-1;5898
2011;BIMEXTAUSBILDN4-600;1;BIMEXTAMSTBIM6-2;514
2011;BIMEXTAUSBILDN4-600;1;BIMEXTAMSTBIM6-3;91
2011;BIMEXTAUSBILDN4-600;1;BIMEXTAMSTBIM6-4;1082
2011;BIMEXTAUSBILDN4-600;2;BIMEXTAMSTBIM6-1;9177
2011;BIMEXTAUSBILDN4-600;2;BIMEXTAMSTBIM6-2;535
2011;BIMEXTAUSBILDN4-600;2;BIMEXTAMSTBIM6-3;61
2011;BIMEXTAUSBILDN4-600;2;BIMEXTAMSTBIM6-4;999
2011;BIMEXTAUSBILDN4-700;1;BIMEXTAMSTBIM6-1;4872
2011;BIMEXTAUSBILDN4-700;1;BIMEXTAMSTBIM6-2;4658
2011;BIMEXTAUSBILDN4-700;1;BIMEXTAMSTBIM6-3;390
2011;BIMEXTAUSBILDN4-700;1;BIMEXTAMSTBIM6-4;852
2011;BIMEXTAUSBILDN4-700;2;BIMEXTAMSTBIM6-1;6999
2011;BIMEXTAUSBILDN4-700;2;BIMEXTAMSTBIM6-2;6168
2011;BIMEXTAUSBILDN4-700;2;BIMEXTAMSTBIM6-3;363
2011;BIMEXTAUSBILDN4-700;2;BIMEXTAMSTBIM6-4;1048
2011;BIMEXTAUSBILDN4-800;1;BIMEXTAMSTBIM6-1;156
2011;BIMEXTAUSBILDN4-800;1;BIMEXTAMSTBIM6-2;153
2011;BIMEXTAUSBILDN4-800;1;BIMEXTAMSTBIM6-3;11
2011;BIMEXTAUSBILDN4-800;1;BIMEXTAMSTBIM6-4;8
2011;BIMEXTAUSBILDN4-800;2;BIMEXTAMSTBIM6-1;125
2011;BIMEXTAUSBILDN4-800;2;BIMEXTAMSTBIM6-2;187
2011;BIMEXTAUSBILDN4-800;2;BIMEXTAMSTBIM6-3;12
2011;BIMEXTAUSBILDN4-800;2;BIMEXTAMSTBIM6-4;40
2011;BIMEXTAUSBILDN4-900;1;BIMEXTAMSTBIM6-1;473
2011;BIMEXTAUSBILDN4-900;1;BIMEXTAMSTBIM6-2;2075
2011;BIMEXTAUSBILDN4-900;1;BIMEXTAMSTBIM6-3;55
2011;BIMEXTAUSBILDN4-900;1;BIMEXTAMSTBIM6-4;188
2011;BIMEXTAUSBILDN4-900;2;BIMEXTAMSTBIM6-1;1087
2011;BIMEXTAUSBILDN4-900;2;BIMEXTAMSTBIM6-2;3715
2011;BIMEXTAUSBILDN4-900;2;BIMEXTAMSTBIM6-3;82
2011;BIMEXTAUSBILDN4-900;2;BIMEXTAMSTBIM6-4;526
2011;BIMEXTAUSBILDN4-110;1;BIMEXTAMSTBIM6-1;8895
2011;BIMEXTAUSBILDN4-110;1;BIMEXTAMSTBIM6-2;8632
2011;BIMEXTAUSBILDN4-110;1;BIMEXTAMSTBIM6-3;368
2011;BIMEXTAUSBILDN4-110;1;BIMEXTAMSTBIM6-4;2226
2011;BIMEXTAUSBILDN4-110;2;BIMEXTAMSTBIM6-1;10034
2011;BIMEXTAUSBILDN4-110;2;BIMEXTAMSTBIM6-2;11298
2011;BIMEXTAUSBILDN4-110;2;BIMEXTAMSTBIM6-3;580
2011;BIMEXTAUSBILDN4-110;2;BIMEXTAMSTBIM6-4;3395
2011;BIMEXTAUSBILDN4-980;1;BIMEXTAMSTBIM6-1;2955
2011;BIMEXTAUSBILDN4-980;1;BIMEXTAMSTBIM6-2;4806
2011;BIMEXTAUSBILDN4-980;1;BIMEXTAMSTBIM6-3;414
2011;BIMEXTAUSBILDN4-980;1;BIMEXTAMSTBIM6-4;731
2011;BIMEXTAUSBILDN4-980;2;BIMEXTAMSTBIM6-1;1280
2011;BIMEXTAUSBILDN4-980;2;BIMEXTAMSTBIM6-2;3691
2011;BIMEXTAUSBILDN4-980;2;BIMEXTAMSTBIM6-3;327
2011;BIMEXTAUSBILDN4-980;2;BIMEXTAMSTBIM6-4;613
2012;BIMEXTAUSBILDN4-100;1;BIMEXTAMSTBIM6-1;46000
2012;BIMEXTAUSBILDN4-100;1;BIMEXTAMSTBIM6-2;239
2012;BIMEXTAUSBILDN4-100;1;BIMEXTAMSTBIM6-3;1605
2012;BIMEXTAUSBILDN4-100;1;BIMEXTAMSTBIM6-4;2350
2012;BIMEXTAUSBILDN4-100;2;BIMEXTAMSTBIM6-1;41384
2012;BIMEXTAUSBILDN4-100;2;BIMEXTAMSTBIM6-2;519
2012;BIMEXTAUSBILDN4-100;2;BIMEXTAMSTBIM6-3;1224
2012;BIMEXTAUSBILDN4-100;2;BIMEXTAMSTBIM6-4;2158
2012;BIMEXTAUSBILDN4-300;1;BIMEXTAMSTBIM6-1;1198
2012;BIMEXTAUSBILDN4-300;1;BIMEXTAMSTBIM6-2;19965
2012;BIMEXTAUSBILDN4-300;1;BIMEXTAMSTBIM6-3;3274
2012;BIMEXTAUSBILDN4-300;1;BIMEXTAMSTBIM6-4;2677
2012;BIMEXTAUSBILDN4-300;2;BIMEXTAMSTBIM6-1;902
2012;BIMEXTAUSBILDN4-300;2;BIMEXTAMSTBIM6-2;13038
2012;BIMEXTAUSBILDN4-300;2;BIMEXTAMSTBIM6-3;2010
2012;BIMEXTAUSBILDN4-300;2;BIMEXTAMSTBIM6-4;1820
2012;BIMEXTAUSBILDN4-400;1;BIMEXTAMSTBIM6-1;2298
2012;BIMEXTAUSBILDN4-400;1;BIMEXTAMSTBIM6-2;2319
2012;BIMEXTAUSBILDN4-400;1;BIMEXTAMSTBIM6-3;415
2012;BIMEXTAUSBILDN4-400;1;BIMEXTAMSTBIM6-4;785
2012;BIMEXTAUSBILDN4-400;2;BIMEXTAMSTBIM6-1;3738
2012;BIMEXTAUSBILDN4-400;2;BIMEXTAMSTBIM6-2;3201
2012;BIMEXTAUSBILDN4-400;2;BIMEXTAMSTBIM6-3;504
2012;BIMEXTAUSBILDN4-400;2;BIMEXTAMSTBIM6-4;851
2012;BIMEXTAUSBILDN4-500;1;BIMEXTAMSTBIM6-1;139
2012;BIMEXTAUSBILDN4-500;1;BIMEXTAMSTBIM6-2;3795
2012;BIMEXTAUSBILDN4-500;1;BIMEXTAMSTBIM6-3;102
2012;BIMEXTAUSBILDN4-500;1;BIMEXTAMSTBIM6-4;132
2012;BIMEXTAUSBILDN4-500;2;BIMEXTAMSTBIM6-1;209
2012;BIMEXTAUSBILDN4-500;2;BIMEXTAMSTBIM6-2;3680
2012;BIMEXTAUSBILDN4-500;2;BIMEXTAMSTBIM6-3;79
2012;BIMEXTAUSBILDN4-500;2;BIMEXTAMSTBIM6-4;328
2012;BIMEXTAUSBILDN4-600;1;BIMEXTAMSTBIM6-1;6098
2012;BIMEXTAUSBILDN4-600;1;BIMEXTAMSTBIM6-2;460
2012;BIMEXTAUSBILDN4-600;1;BIMEXTAMSTBIM6-3;81
2012;BIMEXTAUSBILDN4-600;1;BIMEXTAMSTBIM6-4;1165
2012;BIMEXTAUSBILDN4-600;2;BIMEXTAMSTBIM6-1;9252
2012;BIMEXTAUSBILDN4-600;2;BIMEXTAMSTBIM6-2;548
2012;BIMEXTAUSBILDN4-600;2;BIMEXTAMSTBIM6-3;77
2012;BIMEXTAUSBILDN4-600;2;BIMEXTAMSTBIM6-4;1128
2012;BIMEXTAUSBILDN4-700;1;BIMEXTAMSTBIM6-1;4892
2012;BIMEXTAUSBILDN4-700;1;BIMEXTAMSTBIM6-2;4606
2012;BIMEXTAUSBILDN4-700;1;BIMEXTAMSTBIM6-3;371
2012;BIMEXTAUSBILDN4-700;1;BIMEXTAMSTBIM6-4;876
2012;BIMEXTAUSBILDN4-700;2;BIMEXTAMSTBIM6-1;7006
2012;BIMEXTAUSBILDN4-700;2;BIMEXTAMSTBIM6-2;6122
2012;BIMEXTAUSBILDN4-700;2;BIMEXTAMSTBIM6-3;379
2012;BIMEXTAUSBILDN4-700;2;BIMEXTAMSTBIM6-4;1003
2012;BIMEXTAUSBILDN4-800;1;BIMEXTAMSTBIM6-1;270
2012;BIMEXTAUSBILDN4-800;1;BIMEXTAMSTBIM6-2;272
2012;BIMEXTAUSBILDN4-800;1;BIMEXTAMSTBIM6-3;18
2012;BIMEXTAUSBILDN4-800;1;BIMEXTAMSTBIM6-4;27
2012;BIMEXTAUSBILDN4-800;2;BIMEXTAMSTBIM6-1;188
2012;BIMEXTAUSBILDN4-800;2;BIMEXTAMSTBIM6-2;314
2012;BIMEXTAUSBILDN4-800;2;BIMEXTAMSTBIM6-3;25
2012;BIMEXTAUSBILDN4-800;2;BIMEXTAMSTBIM6-4;53
2012;BIMEXTAUSBILDN4-900;1;BIMEXTAMSTBIM6-1;504
2012;BIMEXTAUSBILDN4-900;1;BIMEXTAMSTBIM6-2;2402
2012;BIMEXTAUSBILDN4-900;1;BIMEXTAMSTBIM6-3;69
2012;BIMEXTAUSBILDN4-900;1;BIMEXTAMSTBIM6-4;185
2012;BIMEXTAUSBILDN4-900;2;BIMEXTAMSTBIM6-1;1183
2012;BIMEXTAUSBILDN4-900;2;BIMEXTAMSTBIM6-2;4038
2012;BIMEXTAUSBILDN4-900;2;BIMEXTAMSTBIM6-3;85
2012;BIMEXTAUSBILDN4-900;2;BIMEXTAMSTBIM6-4;615
2012;BIMEXTAUSBILDN4-110;1;BIMEXTAMSTBIM6-1;9269
2012;BIMEXTAUSBILDN4-110;1;BIMEXTAMSTBIM6-2;9072
2012;BIMEXTAUSBILDN4-110;1;BIMEXTAMSTBIM6-3;458
2012;BIMEXTAUSBILDN4-110;1;BIMEXTAMSTBIM6-4;2198
2012;BIMEXTAUSBILDN4-110;2;BIMEXTAMSTBIM6-1;11157
2012;BIMEXTAUSBILDN4-110;2;BIMEXTAMSTBIM6-2;12526
2012;BIMEXTAUSBILDN4-110;2;BIMEXTAMSTBIM6-3;720
2012;BIMEXTAUSBILDN4-110;2;BIMEXTAMSTBIM6-4;3775
2012;BIMEXTAUSBILDN4-980;1;BIMEXTAMSTBIM6-1;2945
2012;BIMEXTAUSBILDN4-980;1;BIMEXTAMSTBIM6-2;4700
2012;BIMEXTAUSBILDN4-980;1;BIMEXTAMSTBIM6-3;441
2012;BIMEXTAUSBILDN4-980;1;BIMEXTAMSTBIM6-4;771
2012;BIMEXTAUSBILDN4-980;2;BIMEXTAMSTBIM6-1;1309
2012;BIMEXTAUSBILDN4-980;2;BIMEXTAMSTBIM6-2;3784
2012;BIMEXTAUSBILDN4-980;2;BIMEXTAMSTBIM6-3;354
2012;BIMEXTAUSBILDN4-980;2;BIMEXTAMSTBIM6-4;667
2013;BIMEXTAUSBILDN4-100;1;BIMEXTAMSTBIM6-1;45441
2013;BIMEXTAUSBILDN4-100;1;BIMEXTAMSTBIM6-2;228
2013;BIMEXTAUSBILDN4-100;1;BIMEXTAMSTBIM6-3;1680
2013;BIMEXTAUSBILDN4-100;1;BIMEXTAMSTBIM6-4;2265
2013;BIMEXTAUSBILDN4-100;2;BIMEXTAMSTBIM6-1;40822
2013;BIMEXTAUSBILDN4-100;2;BIMEXTAMSTBIM6-2;489
2013;BIMEXTAUSBILDN4-100;2;BIMEXTAMSTBIM6-3;1174
2013;BIMEXTAUSBILDN4-100;2;BIMEXTAMSTBIM6-4;1942
2013;BIMEXTAUSBILDN4-300;1;BIMEXTAMSTBIM6-1;1191
2013;BIMEXTAUSBILDN4-300;1;BIMEXTAMSTBIM6-2;19735
2013;BIMEXTAUSBILDN4-300;1;BIMEXTAMSTBIM6-3;3470
2013;BIMEXTAUSBILDN4-300;1;BIMEXTAMSTBIM6-4;2718
2013;BIMEXTAUSBILDN4-300;2;BIMEXTAMSTBIM6-1;817
2013;BIMEXTAUSBILDN4-300;2;BIMEXTAMSTBIM6-2;13078
2013;BIMEXTAUSBILDN4-300;2;BIMEXTAMSTBIM6-3;2137
2013;BIMEXTAUSBILDN4-300;2;BIMEXTAMSTBIM6-4;1799
2013;BIMEXTAUSBILDN4-400;1;BIMEXTAMSTBIM6-1;2356
2013;BIMEXTAUSBILDN4-400;1;BIMEXTAMSTBIM6-2;2355
2013;BIMEXTAUSBILDN4-400;1;BIMEXTAMSTBIM6-3;395
2013;BIMEXTAUSBILDN4-400;1;BIMEXTAMSTBIM6-4;780
2013;BIMEXTAUSBILDN4-400;2;BIMEXTAMSTBIM6-1;3675
2013;BIMEXTAUSBILDN4-400;2;BIMEXTAMSTBIM6-2;3146
2013;BIMEXTAUSBILDN4-400;2;BIMEXTAMSTBIM6-3;478
2013;BIMEXTAUSBILDN4-400;2;BIMEXTAMSTBIM6-4;880
2013;BIMEXTAUSBILDN4-500;1;BIMEXTAMSTBIM6-1;164
2013;BIMEXTAUSBILDN4-500;1;BIMEXTAMSTBIM6-2;3905
2013;BIMEXTAUSBILDN4-500;1;BIMEXTAMSTBIM6-3;130
2013;BIMEXTAUSBILDN4-500;1;BIMEXTAMSTBIM6-4;147
2013;BIMEXTAUSBILDN4-500;2;BIMEXTAMSTBIM6-1;212
2013;BIMEXTAUSBILDN4-500;2;BIMEXTAMSTBIM6-2;3665
2013;BIMEXTAUSBILDN4-500;2;BIMEXTAMSTBIM6-3;68
2013;BIMEXTAUSBILDN4-500;2;BIMEXTAMSTBIM6-4;356
2013;BIMEXTAUSBILDN4-600;1;BIMEXTAMSTBIM6-1;6264
2013;BIMEXTAUSBILDN4-600;1;BIMEXTAMSTBIM6-2;486
2013;BIMEXTAUSBILDN4-600;1;BIMEXTAMSTBIM6-3;103
2013;BIMEXTAUSBILDN4-600;1;BIMEXTAMSTBIM6-4;1176
2013;BIMEXTAUSBILDN4-600;2;BIMEXTAMSTBIM6-1;9484
2013;BIMEXTAUSBILDN4-600;2;BIMEXTAMSTBIM6-2;535
2013;BIMEXTAUSBILDN4-600;2;BIMEXTAMSTBIM6-3;77
2013;BIMEXTAUSBILDN4-600;2;BIMEXTAMSTBIM6-4;1138
2013;BIMEXTAUSBILDN4-700;1;BIMEXTAMSTBIM6-1;4879
2013;BIMEXTAUSBILDN4-700;1;BIMEXTAMSTBIM6-2;4508
2013;BIMEXTAUSBILDN4-700;1;BIMEXTAMSTBIM6-3;397
2013;BIMEXTAUSBILDN4-700;1;BIMEXTAMSTBIM6-4;938
2013;BIMEXTAUSBILDN4-700;2;BIMEXTAMSTBIM6-1;7151
2013;BIMEXTAUSBILDN4-700;2;BIMEXTAMSTBIM6-2;5945
2013;BIMEXTAUSBILDN4-700;2;BIMEXTAMSTBIM6-3;405
2013;BIMEXTAUSBILDN4-700;2;BIMEXTAMSTBIM6-4;1045
2013;BIMEXTAUSBILDN4-800;1;BIMEXTAMSTBIM6-1;290
2013;BIMEXTAUSBILDN4-800;1;BIMEXTAMSTBIM6-2;324
2013;BIMEXTAUSBILDN4-800;1;BIMEXTAMSTBIM6-3;24
2013;BIMEXTAUSBILDN4-800;1;BIMEXTAMSTBIM6-4;43
2013;BIMEXTAUSBILDN4-800;2;BIMEXTAMSTBIM6-1;187
2013;BIMEXTAUSBILDN4-800;2;BIMEXTAMSTBIM6-2;360
2013;BIMEXTAUSBILDN4-800;2;BIMEXTAMSTBIM6-3;24
2013;BIMEXTAUSBILDN4-800;2;BIMEXTAMSTBIM6-4;55
2013;BIMEXTAUSBILDN4-900;1;BIMEXTAMSTBIM6-1;647
2013;BIMEXTAUSBILDN4-900;1;BIMEXTAMSTBIM6-2;3123
2013;BIMEXTAUSBILDN4-900;1;BIMEXTAMSTBIM6-3;78
2013;BIMEXTAUSBILDN4-900;1;BIMEXTAMSTBIM6-4;177
2013;BIMEXTAUSBILDN4-900;2;BIMEXTAMSTBIM6-1;1540
2013;BIMEXTAUSBILDN4-900;2;BIMEXTAMSTBIM6-2;5988
2013;BIMEXTAUSBILDN4-900;2;BIMEXTAMSTBIM6-3;84
2013;BIMEXTAUSBILDN4-900;2;BIMEXTAMSTBIM6-4;774
2013;BIMEXTAUSBILDN4-110;1;BIMEXTAMSTBIM6-1;9107
2013;BIMEXTAUSBILDN4-110;1;BIMEXTAMSTBIM6-2;8314
2013;BIMEXTAUSBILDN4-110;1;BIMEXTAMSTBIM6-3;407
2013;BIMEXTAUSBILDN4-110;1;BIMEXTAMSTBIM6-4;2227
2013;BIMEXTAUSBILDN4-110;2;BIMEXTAMSTBIM6-1;10602
2013;BIMEXTAUSBILDN4-110;2;BIMEXTAMSTBIM6-2;11515
2013;BIMEXTAUSBILDN4-110;2;BIMEXTAMSTBIM6-3;614
2013;BIMEXTAUSBILDN4-110;2;BIMEXTAMSTBIM6-4;3466
2013;BIMEXTAUSBILDN4-980;1;BIMEXTAMSTBIM6-1;2852
2013;BIMEXTAUSBILDN4-980;1;BIMEXTAMSTBIM6-2;4976
2013;BIMEXTAUSBILDN4-980;1;BIMEXTAMSTBIM6-3;449
2013;BIMEXTAUSBILDN4-980;1;BIMEXTAMSTBIM6-4;736
2013;BIMEXTAUSBILDN4-980;2;BIMEXTAMSTBIM6-1;1479
2013;BIMEXTAUSBILDN4-980;2;BIMEXTAMSTBIM6-2;4478
2013;BIMEXTAUSBILDN4-980;2;BIMEXTAMSTBIM6-3;363
2013;BIMEXTAUSBILDN4-980;2;BIMEXTAMSTBIM6-4;675
2014;BIMEXTAUSBILDN4-100;1;BIMEXTAMSTBIM6-1;44530
2014;BIMEXTAUSBILDN4-100;1;BIMEXTAMSTBIM6-2;245
2014;BIMEXTAUSBILDN4-100;1;BIMEXTAMSTBIM6-3;1590
2014;BIMEXTAUSBILDN4-100;1;BIMEXTAMSTBIM6-4;2258
2014;BIMEXTAUSBILDN4-100;2;BIMEXTAMSTBIM6-1;39594
2014;BIMEXTAUSBILDN4-100;2;BIMEXTAMSTBIM6-2;546
2014;BIMEXTAUSBILDN4-100;2;BIMEXTAMSTBIM6-3;1130
2014;BIMEXTAUSBILDN4-100;2;BIMEXTAMSTBIM6-4;2034
2014;BIMEXTAUSBILDN4-300;1;BIMEXTAMSTBIM6-1;1181
2014;BIMEXTAUSBILDN4-300;1;BIMEXTAMSTBIM6-2;19575
2014;BIMEXTAUSBILDN4-300;1;BIMEXTAMSTBIM6-3;3001
2014;BIMEXTAUSBILDN4-300;1;BIMEXTAMSTBIM6-4;2846
2014;BIMEXTAUSBILDN4-300;2;BIMEXTAMSTBIM6-1;829
2014;BIMEXTAUSBILDN4-300;2;BIMEXTAMSTBIM6-2;13153
2014;BIMEXTAUSBILDN4-300;2;BIMEXTAMSTBIM6-3;2027
2014;BIMEXTAUSBILDN4-300;2;BIMEXTAMSTBIM6-4;1873
2014;BIMEXTAUSBILDN4-400;1;BIMEXTAMSTBIM6-1;2510
2014;BIMEXTAUSBILDN4-400;1;BIMEXTAMSTBIM6-2;2394
2014;BIMEXTAUSBILDN4-400;1;BIMEXTAMSTBIM6-3;327
2014;BIMEXTAUSBILDN4-400;1;BIMEXTAMSTBIM6-4;881
2014;BIMEXTAUSBILDN4-400;2;BIMEXTAMSTBIM6-1;3580
2014;BIMEXTAUSBILDN4-400;2;BIMEXTAMSTBIM6-2;3316
2014;BIMEXTAUSBILDN4-400;2;BIMEXTAMSTBIM6-3;486
2014;BIMEXTAUSBILDN4-400;2;BIMEXTAMSTBIM6-4;935
2014;BIMEXTAUSBILDN4-500;1;BIMEXTAMSTBIM6-1;169
2014;BIMEXTAUSBILDN4-500;1;BIMEXTAMSTBIM6-2;3659
2014;BIMEXTAUSBILDN4-500;1;BIMEXTAMSTBIM6-3;107
2014;BIMEXTAUSBILDN4-500;1;BIMEXTAMSTBIM6-4;132
2014;BIMEXTAUSBILDN4-500;2;BIMEXTAMSTBIM6-1;193
2014;BIMEXTAUSBILDN4-500;2;BIMEXTAMSTBIM6-2;3411
2014;BIMEXTAUSBILDN4-500;2;BIMEXTAMSTBIM6-3;80
2014;BIMEXTAUSBILDN4-500;2;BIMEXTAMSTBIM6-4;293
2014;BIMEXTAUSBILDN4-600;1;BIMEXTAMSTBIM6-1;6056
2014;BIMEXTAUSBILDN4-600;1;BIMEXTAMSTBIM6-2;522
2014;BIMEXTAUSBILDN4-600;1;BIMEXTAMSTBIM6-3;80
2014;BIMEXTAUSBILDN4-600;1;BIMEXTAMSTBIM6-4;1170
2014;BIMEXTAUSBILDN4-600;2;BIMEXTAMSTBIM6-1;9104
2014;BIMEXTAUSBILDN4-600;2;BIMEXTAMSTBIM6-2;529
2014;BIMEXTAUSBILDN4-600;2;BIMEXTAMSTBIM6-3;57
2014;BIMEXTAUSBILDN4-600;2;BIMEXTAMSTBIM6-4;1137
2014;BIMEXTAUSBILDN4-700;1;BIMEXTAMSTBIM6-1;4904
2014;BIMEXTAUSBILDN4-700;1;BIMEXTAMSTBIM6-2;4699
2014;BIMEXTAUSBILDN4-700;1;BIMEXTAMSTBIM6-3;347
2014;BIMEXTAUSBILDN4-700;1;BIMEXTAMSTBIM6-4;940
2014;BIMEXTAUSBILDN4-700;2;BIMEXTAMSTBIM6-1;6832
2014;BIMEXTAUSBILDN4-700;2;BIMEXTAMSTBIM6-2;6077
2014;BIMEXTAUSBILDN4-700;2;BIMEXTAMSTBIM6-3;345
2014;BIMEXTAUSBILDN4-700;2;BIMEXTAMSTBIM6-4;1152
2014;BIMEXTAUSBILDN4-800;1;BIMEXTAMSTBIM6-1;246
2014;BIMEXTAUSBILDN4-800;1;BIMEXTAMSTBIM6-2;292
2014;BIMEXTAUSBILDN4-800;1;BIMEXTAMSTBIM6-3;11
2014;BIMEXTAUSBILDN4-800;1;BIMEXTAMSTBIM6-4;33
2014;BIMEXTAUSBILDN4-800;2;BIMEXTAMSTBIM6-1;165
2014;BIMEXTAUSBILDN4-800;2;BIMEXTAMSTBIM6-2;316
2014;BIMEXTAUSBILDN4-800;2;BIMEXTAMSTBIM6-3;22
2014;BIMEXTAUSBILDN4-800;2;BIMEXTAMSTBIM6-4;57
2014;BIMEXTAUSBILDN4-900;1;BIMEXTAMSTBIM6-1;654
2014;BIMEXTAUSBILDN4-900;1;BIMEXTAMSTBIM6-2;3034
2014;BIMEXTAUSBILDN4-900;1;BIMEXTAMSTBIM6-3;67
2014;BIMEXTAUSBILDN4-900;1;BIMEXTAMSTBIM6-4;196
2014;BIMEXTAUSBILDN4-900;2;BIMEXTAMSTBIM6-1;1588
2014;BIMEXTAUSBILDN4-900;2;BIMEXTAMSTBIM6-2;6336
2014;BIMEXTAUSBILDN4-900;2;BIMEXTAMSTBIM6-3;101
2014;BIMEXTAUSBILDN4-900;2;BIMEXTAMSTBIM6-4;847
2014;BIMEXTAUSBILDN4-110;1;BIMEXTAMSTBIM6-1;9270
2014;BIMEXTAUSBILDN4-110;1;BIMEXTAMSTBIM6-2;8668
2014;BIMEXTAUSBILDN4-110;1;BIMEXTAMSTBIM6-3;364
2014;BIMEXTAUSBILDN4-110;1;BIMEXTAMSTBIM6-4;2259
2014;BIMEXTAUSBILDN4-110;2;BIMEXTAMSTBIM6-1;10404
2014;BIMEXTAUSBILDN4-110;2;BIMEXTAMSTBIM6-2;11925
2014;BIMEXTAUSBILDN4-110;2;BIMEXTAMSTBIM6-3;584
2014;BIMEXTAUSBILDN4-110;2;BIMEXTAMSTBIM6-4;3505
2014;BIMEXTAUSBILDN4-980;1;BIMEXTAMSTBIM6-1;2826
2014;BIMEXTAUSBILDN4-980;1;BIMEXTAMSTBIM6-2;4911
2014;BIMEXTAUSBILDN4-980;1;BIMEXTAMSTBIM6-3;402
2014;BIMEXTAUSBILDN4-980;1;BIMEXTAMSTBIM6-4;649
2014;BIMEXTAUSBILDN4-980;2;BIMEXTAMSTBIM6-1;1101
2014;BIMEXTAUSBILDN4-980;2;BIMEXTAMSTBIM6-2;3467
2014;BIMEXTAUSBILDN4-980;2;BIMEXTAMSTBIM6-3;231
2014;BIMEXTAUSBILDN4-980;2;BIMEXTAMSTBIM6-4;497
2015;BIMEXTAUSBILDN4-100;1;BIMEXTAMSTBIM6-1;44259
2015;BIMEXTAUSBILDN4-100;1;BIMEXTAMSTBIM6-2;206
2015;BIMEXTAUSBILDN4-100;1;BIMEXTAMSTBIM6-3;1539
2015;BIMEXTAUSBILDN4-100;1;BIMEXTAMSTBIM6-4;2001
2015;BIMEXTAUSBILDN4-100;2;BIMEXTAMSTBIM6-1;40227
2015;BIMEXTAUSBILDN4-100;2;BIMEXTAMSTBIM6-2;497
2015;BIMEXTAUSBILDN4-100;2;BIMEXTAMSTBIM6-3;1097
2015;BIMEXTAUSBILDN4-100;2;BIMEXTAMSTBIM6-4;1711
2015;BIMEXTAUSBILDN4-300;1;BIMEXTAMSTBIM6-1;1223
2015;BIMEXTAUSBILDN4-300;1;BIMEXTAMSTBIM6-2;19518
2015;BIMEXTAUSBILDN4-300;1;BIMEXTAMSTBIM6-3;2547
2015;BIMEXTAUSBILDN4-300;1;BIMEXTAMSTBIM6-4;2742
2015;BIMEXTAUSBILDN4-300;2;BIMEXTAMSTBIM6-1;895
2015;BIMEXTAUSBILDN4-300;2;BIMEXTAMSTBIM6-2;12552
2015;BIMEXTAUSBILDN4-300;2;BIMEXTAMSTBIM6-3;1785
2015;BIMEXTAUSBILDN4-300;2;BIMEXTAMSTBIM6-4;1815
2015;BIMEXTAUSBILDN4-400;1;BIMEXTAMSTBIM6-1;2299
2015;BIMEXTAUSBILDN4-400;1;BIMEXTAMSTBIM6-2;2368
2015;BIMEXTAUSBILDN4-400;1;BIMEXTAMSTBIM6-3;252
2015;BIMEXTAUSBILDN4-400;1;BIMEXTAMSTBIM6-4;759
2015;BIMEXTAUSBILDN4-400;2;BIMEXTAMSTBIM6-1;3412
2015;BIMEXTAUSBILDN4-400;2;BIMEXTAMSTBIM6-2;3594
2015;BIMEXTAUSBILDN4-400;2;BIMEXTAMSTBIM6-3;365
2015;BIMEXTAUSBILDN4-400;2;BIMEXTAMSTBIM6-4;826
2015;BIMEXTAUSBILDN4-500;1;BIMEXTAMSTBIM6-1;137
2015;BIMEXTAUSBILDN4-500;1;BIMEXTAMSTBIM6-2;3839
2015;BIMEXTAUSBILDN4-500;1;BIMEXTAMSTBIM6-3;131
2015;BIMEXTAUSBILDN4-500;1;BIMEXTAMSTBIM6-4;112
2015;BIMEXTAUSBILDN4-500;2;BIMEXTAMSTBIM6-1;207
2015;BIMEXTAUSBILDN4-500;2;BIMEXTAMSTBIM6-2;3463
2015;BIMEXTAUSBILDN4-500;2;BIMEXTAMSTBIM6-3;56
2015;BIMEXTAUSBILDN4-500;2;BIMEXTAMSTBIM6-4;338
2015;BIMEXTAUSBILDN4-600;1;BIMEXTAMSTBIM6-1;5806
2015;BIMEXTAUSBILDN4-600;1;BIMEXTAMSTBIM6-2;555
2015;BIMEXTAUSBILDN4-600;1;BIMEXTAMSTBIM6-3;68
2015;BIMEXTAUSBILDN4-600;1;BIMEXTAMSTBIM6-4;1010
2015;BIMEXTAUSBILDN4-600;2;BIMEXTAMSTBIM6-1;9167
2015;BIMEXTAUSBILDN4-600;2;BIMEXTAMSTBIM6-2;576
2015;BIMEXTAUSBILDN4-600;2;BIMEXTAMSTBIM6-3;66
2015;BIMEXTAUSBILDN4-600;2;BIMEXTAMSTBIM6-4;950
2015;BIMEXTAUSBILDN4-700;1;BIMEXTAMSTBIM6-1;4336
2015;BIMEXTAUSBILDN4-700;1;BIMEXTAMSTBIM6-2;4565
2015;BIMEXTAUSBILDN4-700;1;BIMEXTAMSTBIM6-3;222
2015;BIMEXTAUSBILDN4-700;1;BIMEXTAMSTBIM6-4;795
2015;BIMEXTAUSBILDN4-700;2;BIMEXTAMSTBIM6-1;6328
2015;BIMEXTAUSBILDN4-700;2;BIMEXTAMSTBIM6-2;5398
2015;BIMEXTAUSBILDN4-700;2;BIMEXTAMSTBIM6-3;240
2015;BIMEXTAUSBILDN4-700;2;BIMEXTAMSTBIM6-4;925
2015;BIMEXTAUSBILDN4-800;1;BIMEXTAMSTBIM6-1;273
2015;BIMEXTAUSBILDN4-800;1;BIMEXTAMSTBIM6-2;328
2015;BIMEXTAUSBILDN4-800;1;BIMEXTAMSTBIM6-3;15
2015;BIMEXTAUSBILDN4-800;1;BIMEXTAMSTBIM6-4;32
2015;BIMEXTAUSBILDN4-800;2;BIMEXTAMSTBIM6-1;181
2015;BIMEXTAUSBILDN4-800;2;BIMEXTAMSTBIM6-2;323
2015;BIMEXTAUSBILDN4-800;2;BIMEXTAMSTBIM6-3;13
2015;BIMEXTAUSBILDN4-800;2;BIMEXTAMSTBIM6-4;65
2015;BIMEXTAUSBILDN4-900;1;BIMEXTAMSTBIM6-1;610
2015;BIMEXTAUSBILDN4-900;1;BIMEXTAMSTBIM6-2;2849
2015;BIMEXTAUSBILDN4-900;1;BIMEXTAMSTBIM6-3;70
2015;BIMEXTAUSBILDN4-900;1;BIMEXTAMSTBIM6-4;233
2015;BIMEXTAUSBILDN4-900;2;BIMEXTAMSTBIM6-1;1396
2015;BIMEXTAUSBILDN4-900;2;BIMEXTAMSTBIM6-2;5975
2015;BIMEXTAUSBILDN4-900;2;BIMEXTAMSTBIM6-3;121
2015;BIMEXTAUSBILDN4-900;2;BIMEXTAMSTBIM6-4;831
2015;BIMEXTAUSBILDN4-110;1;BIMEXTAMSTBIM6-1;9478
2015;BIMEXTAUSBILDN4-110;1;BIMEXTAMSTBIM6-2;9087
2015;BIMEXTAUSBILDN4-110;1;BIMEXTAMSTBIM6-3;312
2015;BIMEXTAUSBILDN4-110;1;BIMEXTAMSTBIM6-4;2462
2015;BIMEXTAUSBILDN4-110;2;BIMEXTAMSTBIM6-1;10802
2015;BIMEXTAUSBILDN4-110;2;BIMEXTAMSTBIM6-2;12670
2015;BIMEXTAUSBILDN4-110;2;BIMEXTAMSTBIM6-3;526
2015;BIMEXTAUSBILDN4-110;2;BIMEXTAMSTBIM6-4;3828
2015;BIMEXTAUSBILDN4-980;1;BIMEXTAMSTBIM6-1;2915
2015;BIMEXTAUSBILDN4-980;1;BIMEXTAMSTBIM6-2;4896
2015;BIMEXTAUSBILDN4-980;1;BIMEXTAMSTBIM6-3;326
2015;BIMEXTAUSBILDN4-980;1;BIMEXTAMSTBIM6-4;766
2015;BIMEXTAUSBILDN4-980;2;BIMEXTAMSTBIM6-1;1228
2015;BIMEXTAUSBILDN4-980;2;BIMEXTAMSTBIM6-2;3467
2015;BIMEXTAUSBILDN4-980;2;BIMEXTAMSTBIM6-3;226
2015;BIMEXTAUSBILDN4-980;2;BIMEXTAMSTBIM6-4;567
