C-ERVZEITPUNKT3-0;C-ERVAMSTVORHER4-0;C-ERVAMST4-0;C-ERVAGE5-0;C-ERVSEX1-0;F-ERV_STAT_HAUPT
ERVEXTZEITPUNKT3-2010;ERVEXTAMST4-10;ERVEXTAMST4-10;ERVEXTAGE5-15;1;334947
ERVEXTZEITPUNKT3-2010;ERVEXTAMST4-10;ERVEXTAMST4-10;ERVEXTAGE5-15;2;287346
ERVEXTZEITPUNKT3-2010;ERVEXTAMST4-10;ERVEXTAMST4-10;ERVEXTAGE5-65;1;2674
ERVEXTZEITPUNKT3-2010;ERVEXTAMST4-10;ERVEXTAMST4-10;ERVEXTAGE5-65;2;1517
ERVEXTZEITPUNKT3-2010;ERVEXTAMST4-10;ERVEXTAMST4-20;ERVEXTAGE5-15;1;41316
ERVEXTZEITPUNKT3-2010;ERVEXTAMST4-10;ERVEXTAMST4-20;ERVEXTAGE5-15;2;94469
ERVEXTZEITPUNKT3-2010;ERVEXTAMST4-10;ERVEXTAMST4-20;ERVEXTAGE5-65;1;60
ERVEXTZEITPUNKT3-2010;ERVEXTAMST4-10;ERVEXTAMST4-20;ERVEXTAGE5-65;2;67
ERVEXTZEITPUNKT3-2010;ERVEXTAMST4-10;ERVEXTAMST4-30;ERVEXTAGE5-15;1;382998
ERVEXTZEITPUNKT3-2010;ERVEXTAMST4-10;ERVEXTAMST4-30;ERVEXTAGE5-15;2;231389
ERVEXTZEITPUNKT3-2010;ERVEXTAMST4-10;ERVEXTAMST4-30;ERVEXTAGE5-65;1;88
ERVEXTZEITPUNKT3-2010;ERVEXTAMST4-10;ERVEXTAMST4-30;ERVEXTAGE5-65;2;33
ERVEXTZEITPUNKT3-2010;ERVEXTAMST4-10;ERVEXTAMST4-40;ERVEXTAGE5-15;1;45750
ERVEXTZEITPUNKT3-2010;ERVEXTAMST4-10;ERVEXTAMST4-40;ERVEXTAGE5-15;2;43526
ERVEXTZEITPUNKT3-2010;ERVEXTAMST4-10;ERVEXTAMST4-40;ERVEXTAGE5-65;1;19559
ERVEXTZEITPUNKT3-2010;ERVEXTAMST4-10;ERVEXTAMST4-40;ERVEXTAGE5-65;2;9515
ERVEXTZEITPUNKT3-2010;ERVEXTAMST4-10;ERVEXTAMST4-50;ERVEXTAGE5-15;1;114307
ERVEXTZEITPUNKT3-2010;ERVEXTAMST4-10;ERVEXTAMST4-50;ERVEXTAGE5-15;2;154920
ERVEXTZEITPUNKT3-2010;ERVEXTAMST4-10;ERVEXTAMST4-50;ERVEXTAGE5-65;1;1
ERVEXTZEITPUNKT3-2010;ERVEXTAMST4-10;ERVEXTAMST4-50;ERVEXTAGE5-65;2;3
ERVEXTZEITPUNKT3-2010;ERVEXTAMST4-10;ERVEXTAMST4-90;ERVEXTAGE5-15;1;279807
ERVEXTZEITPUNKT3-2010;ERVEXTAMST4-10;ERVEXTAMST4-90;ERVEXTAGE5-15;2;223348
ERVEXTZEITPUNKT3-2010;ERVEXTAMST4-10;ERVEXTAMST4-90;ERVEXTAGE5-15;0;3
ERVEXTZEITPUNKT3-2010;ERVEXTAMST4-10;ERVEXTAMST4-90;ERVEXTAGE5-65;1;1531
ERVEXTZEITPUNKT3-2010;ERVEXTAMST4-10;ERVEXTAMST4-90;ERVEXTAGE5-65;2;2308
ERVEXTZEITPUNKT3-2010;ERVEXTAMST4-20;ERVEXTAMST4-10;ERVEXTAGE5-15;1;22998
ERVEXTZEITPUNKT3-2010;ERVEXTAMST4-20;ERVEXTAMST4-10;ERVEXTAGE5-15;2;59711
ERVEXTZEITPUNKT3-2010;ERVEXTAMST4-20;ERVEXTAMST4-10;ERVEXTAGE5-65;1;33
ERVEXTZEITPUNKT3-2010;ERVEXTAMST4-20;ERVEXTAMST4-10;ERVEXTAGE5-65;2;33
ERVEXTZEITPUNKT3-2010;ERVEXTAMST4-20;ERVEXTAMST4-30;ERVEXTAGE5-15;1;6473
ERVEXTZEITPUNKT3-2010;ERVEXTAMST4-20;ERVEXTAMST4-30;ERVEXTAGE5-15;2;5955
ERVEXTZEITPUNKT3-2010;ERVEXTAMST4-20;ERVEXTAMST4-30;ERVEXTAGE5-65;2;1
ERVEXTZEITPUNKT3-2010;ERVEXTAMST4-20;ERVEXTAMST4-40;ERVEXTAGE5-15;1;1681
ERVEXTZEITPUNKT3-2010;ERVEXTAMST4-20;ERVEXTAMST4-40;ERVEXTAGE5-15;2;1017
ERVEXTZEITPUNKT3-2010;ERVEXTAMST4-20;ERVEXTAMST4-40;ERVEXTAGE5-65;1;26
ERVEXTZEITPUNKT3-2010;ERVEXTAMST4-20;ERVEXTAMST4-40;ERVEXTAGE5-65;2;25
ERVEXTZEITPUNKT3-2010;ERVEXTAMST4-20;ERVEXTAMST4-50;ERVEXTAGE5-15;1;431
ERVEXTZEITPUNKT3-2010;ERVEXTAMST4-20;ERVEXTAMST4-50;ERVEXTAGE5-15;2;964
ERVEXTZEITPUNKT3-2010;ERVEXTAMST4-20;ERVEXTAMST4-90;ERVEXTAGE5-15;1;3741
ERVEXTZEITPUNKT3-2010;ERVEXTAMST4-20;ERVEXTAMST4-90;ERVEXTAGE5-15;2;6289
ERVEXTZEITPUNKT3-2010;ERVEXTAMST4-20;ERVEXTAMST4-90;ERVEXTAGE5-65;1;5
ERVEXTZEITPUNKT3-2010;ERVEXTAMST4-20;ERVEXTAMST4-90;ERVEXTAGE5-65;2;2
ERVEXTZEITPUNKT3-2010;ERVEXTAMST4-30;ERVEXTAMST4-10;ERVEXTAGE5-15;1;444497
ERVEXTZEITPUNKT3-2010;ERVEXTAMST4-30;ERVEXTAMST4-10;ERVEXTAGE5-15;2;276654
ERVEXTZEITPUNKT3-2010;ERVEXTAMST4-30;ERVEXTAMST4-10;ERVEXTAGE5-65;1;71
ERVEXTZEITPUNKT3-2010;ERVEXTAMST4-30;ERVEXTAMST4-10;ERVEXTAGE5-65;2;27
ERVEXTZEITPUNKT3-2010;ERVEXTAMST4-30;ERVEXTAMST4-30;ERVEXTAGE5-15;1;208942
ERVEXTZEITPUNKT3-2010;ERVEXTAMST4-30;ERVEXTAMST4-30;ERVEXTAGE5-15;2;196899
ERVEXTZEITPUNKT3-2010;ERVEXTAMST4-30;ERVEXTAMST4-30;ERVEXTAGE5-65;1;105
ERVEXTZEITPUNKT3-2010;ERVEXTAMST4-30;ERVEXTAMST4-30;ERVEXTAGE5-65;2;57
ERVEXTZEITPUNKT3-2010;ERVEXTAMST4-30;ERVEXTAMST4-40;ERVEXTAGE5-15;1;14620
ERVEXTZEITPUNKT3-2010;ERVEXTAMST4-30;ERVEXTAMST4-40;ERVEXTAGE5-15;2;8171
ERVEXTZEITPUNKT3-2010;ERVEXTAMST4-30;ERVEXTAMST4-40;ERVEXTAGE5-65;1;206
ERVEXTZEITPUNKT3-2010;ERVEXTAMST4-30;ERVEXTAMST4-40;ERVEXTAGE5-65;2;31
ERVEXTZEITPUNKT3-2010;ERVEXTAMST4-30;ERVEXTAMST4-50;ERVEXTAGE5-15;1;9784
ERVEXTZEITPUNKT3-2010;ERVEXTAMST4-30;ERVEXTAMST4-50;ERVEXTAGE5-15;2;9170
ERVEXTZEITPUNKT3-2010;ERVEXTAMST4-30;ERVEXTAMST4-50;ERVEXTAGE5-65;1;3
ERVEXTZEITPUNKT3-2010;ERVEXTAMST4-30;ERVEXTAMST4-90;ERVEXTAGE5-15;1;303668
ERVEXTZEITPUNKT3-2010;ERVEXTAMST4-30;ERVEXTAMST4-90;ERVEXTAGE5-15;2;241718
ERVEXTZEITPUNKT3-2010;ERVEXTAMST4-30;ERVEXTAMST4-90;ERVEXTAGE5-65;1;211
ERVEXTZEITPUNKT3-2010;ERVEXTAMST4-30;ERVEXTAMST4-90;ERVEXTAGE5-65;2;91
ERVEXTZEITPUNKT3-2010;ERVEXTAMST4-40;ERVEXTAMST4-10;ERVEXTAGE5-15;1;19987
ERVEXTZEITPUNKT3-2010;ERVEXTAMST4-40;ERVEXTAMST4-10;ERVEXTAGE5-15;2;19382
ERVEXTZEITPUNKT3-2010;ERVEXTAMST4-40;ERVEXTAMST4-10;ERVEXTAGE5-65;1;16036
ERVEXTZEITPUNKT3-2010;ERVEXTAMST4-40;ERVEXTAMST4-10;ERVEXTAGE5-65;2;7460
ERVEXTZEITPUNKT3-2010;ERVEXTAMST4-40;ERVEXTAMST4-30;ERVEXTAGE5-15;1;9001
ERVEXTZEITPUNKT3-2010;ERVEXTAMST4-40;ERVEXTAMST4-30;ERVEXTAGE5-15;2;4206
ERVEXTZEITPUNKT3-2010;ERVEXTAMST4-40;ERVEXTAMST4-30;ERVEXTAGE5-65;1;12
ERVEXTZEITPUNKT3-2010;ERVEXTAMST4-40;ERVEXTAMST4-30;ERVEXTAGE5-65;2;11
ERVEXTZEITPUNKT3-2010;ERVEXTAMST4-40;ERVEXTAMST4-40;ERVEXTAGE5-15;1;349
ERVEXTZEITPUNKT3-2010;ERVEXTAMST4-40;ERVEXTAMST4-40;ERVEXTAGE5-15;2;15768
ERVEXTZEITPUNKT3-2010;ERVEXTAMST4-40;ERVEXTAMST4-40;ERVEXTAGE5-65;1;12285
ERVEXTZEITPUNKT3-2010;ERVEXTAMST4-40;ERVEXTAMST4-40;ERVEXTAGE5-65;2;468
ERVEXTZEITPUNKT3-2010;ERVEXTAMST4-40;ERVEXTAMST4-50;ERVEXTAGE5-15;1;24
ERVEXTZEITPUNKT3-2010;ERVEXTAMST4-40;ERVEXTAMST4-50;ERVEXTAGE5-15;2;16
ERVEXTZEITPUNKT3-2010;ERVEXTAMST4-40;ERVEXTAMST4-90;ERVEXTAGE5-15;1;6814
ERVEXTZEITPUNKT3-2010;ERVEXTAMST4-40;ERVEXTAMST4-90;ERVEXTAGE5-15;2;4018
ERVEXTZEITPUNKT3-2010;ERVEXTAMST4-40;ERVEXTAMST4-90;ERVEXTAGE5-65;1;32193
ERVEXTZEITPUNKT3-2010;ERVEXTAMST4-40;ERVEXTAMST4-90;ERVEXTAGE5-65;2;38253
ERVEXTZEITPUNKT3-2010;ERVEXTAMST4-50;ERVEXTAMST4-10;ERVEXTAGE5-15;1;134673
ERVEXTZEITPUNKT3-2010;ERVEXTAMST4-50;ERVEXTAMST4-10;ERVEXTAGE5-15;2;177726
ERVEXTZEITPUNKT3-2010;ERVEXTAMST4-50;ERVEXTAMST4-10;ERVEXTAGE5-65;2;4
ERVEXTZEITPUNKT3-2010;ERVEXTAMST4-50;ERVEXTAMST4-30;ERVEXTAGE5-15;1;13854
ERVEXTZEITPUNKT3-2010;ERVEXTAMST4-50;ERVEXTAMST4-30;ERVEXTAGE5-15;2;13634
ERVEXTZEITPUNKT3-2010;ERVEXTAMST4-50;ERVEXTAMST4-30;ERVEXTAGE5-65;1;3
ERVEXTZEITPUNKT3-2010;ERVEXTAMST4-50;ERVEXTAMST4-40;ERVEXTAGE5-15;1;43
ERVEXTZEITPUNKT3-2010;ERVEXTAMST4-50;ERVEXTAMST4-40;ERVEXTAGE5-15;2;36
ERVEXTZEITPUNKT3-2010;ERVEXTAMST4-50;ERVEXTAMST4-40;ERVEXTAGE5-65;1;2
ERVEXTZEITPUNKT3-2010;ERVEXTAMST4-50;ERVEXTAMST4-40;ERVEXTAGE5-65;2;1
ERVEXTZEITPUNKT3-2010;ERVEXTAMST4-50;ERVEXTAMST4-50;ERVEXTAGE5-15;1;13756
ERVEXTZEITPUNKT3-2010;ERVEXTAMST4-50;ERVEXTAMST4-50;ERVEXTAGE5-15;2;21983
ERVEXTZEITPUNKT3-2010;ERVEXTAMST4-50;ERVEXTAMST4-50;ERVEXTAGE5-65;2;1
ERVEXTZEITPUNKT3-2010;ERVEXTAMST4-50;ERVEXTAMST4-90;ERVEXTAGE5-15;1;34279
ERVEXTZEITPUNKT3-2010;ERVEXTAMST4-50;ERVEXTAMST4-90;ERVEXTAGE5-15;2;32680
ERVEXTZEITPUNKT3-2010;ERVEXTAMST4-50;ERVEXTAMST4-90;ERVEXTAGE5-65;1;15
ERVEXTZEITPUNKT3-2010;ERVEXTAMST4-50;ERVEXTAMST4-90;ERVEXTAGE5-65;2;8
ERVEXTZEITPUNKT3-2010;ERVEXTAMST4-90;ERVEXTAMST4-10;ERVEXTAGE5-15;1;272392
ERVEXTZEITPUNKT3-2010;ERVEXTAMST4-90;ERVEXTAMST4-10;ERVEXTAGE5-15;2;245757
ERVEXTZEITPUNKT3-2010;ERVEXTAMST4-90;ERVEXTAMST4-10;ERVEXTAGE5-15;0;4
ERVEXTZEITPUNKT3-2010;ERVEXTAMST4-90;ERVEXTAMST4-10;ERVEXTAGE5-65;1;1267
ERVEXTZEITPUNKT3-2010;ERVEXTAMST4-90;ERVEXTAMST4-10;ERVEXTAGE5-65;2;1977
ERVEXTZEITPUNKT3-2010;ERVEXTAMST4-90;ERVEXTAMST4-30;ERVEXTAGE5-15;1;347148
ERVEXTZEITPUNKT3-2010;ERVEXTAMST4-90;ERVEXTAMST4-30;ERVEXTAGE5-15;2;276373
ERVEXTZEITPUNKT3-2010;ERVEXTAMST4-90;ERVEXTAMST4-30;ERVEXTAGE5-65;1;192
ERVEXTZEITPUNKT3-2010;ERVEXTAMST4-90;ERVEXTAMST4-30;ERVEXTAGE5-65;2;84
ERVEXTZEITPUNKT3-2010;ERVEXTAMST4-90;ERVEXTAMST4-40;ERVEXTAGE5-15;1;11984
ERVEXTZEITPUNKT3-2010;ERVEXTAMST4-90;ERVEXTAMST4-40;ERVEXTAGE5-15;2;16253
ERVEXTZEITPUNKT3-2010;ERVEXTAMST4-90;ERVEXTAMST4-40;ERVEXTAGE5-15;0;1
ERVEXTZEITPUNKT3-2010;ERVEXTAMST4-90;ERVEXTAMST4-40;ERVEXTAGE5-65;1;4309
ERVEXTZEITPUNKT3-2010;ERVEXTAMST4-90;ERVEXTAMST4-40;ERVEXTAGE5-65;2;8153
ERVEXTZEITPUNKT3-2010;ERVEXTAMST4-90;ERVEXTAMST4-50;ERVEXTAGE5-15;1;15635
ERVEXTZEITPUNKT3-2010;ERVEXTAMST4-90;ERVEXTAMST4-50;ERVEXTAGE5-15;2;17598
ERVEXTZEITPUNKT3-2010;ERVEXTAMST4-90;ERVEXTAMST4-50;ERVEXTAGE5-15;0;2
ERVEXTZEITPUNKT3-2010;ERVEXTAMST4-90;ERVEXTAMST4-50;ERVEXTAGE5-65;1;12
ERVEXTZEITPUNKT3-2010;ERVEXTAMST4-90;ERVEXTAMST4-50;ERVEXTAGE5-65;2;9
ERVEXTZEITPUNKT3-2010;ERVEXTAMST4-90;ERVEXTAMST4-90;ERVEXTAGE5-15;1;244271
ERVEXTZEITPUNKT3-2010;ERVEXTAMST4-90;ERVEXTAMST4-90;ERVEXTAGE5-15;2;268344
ERVEXTZEITPUNKT3-2010;ERVEXTAMST4-90;ERVEXTAMST4-90;ERVEXTAGE5-15;0;1
ERVEXTZEITPUNKT3-2010;ERVEXTAMST4-90;ERVEXTAMST4-90;ERVEXTAGE5-65;1;6055
ERVEXTZEITPUNKT3-2010;ERVEXTAMST4-90;ERVEXTAMST4-90;ERVEXTAGE5-65;2;16127
ERVEXTZEITPUNKT3-2011;ERVEXTAMST4-10;ERVEXTAMST4-10;ERVEXTAGE5-15;1;348515
ERVEXTZEITPUNKT3-2011;ERVEXTAMST4-10;ERVEXTAMST4-10;ERVEXTAGE5-15;2;300100
ERVEXTZEITPUNKT3-2011;ERVEXTAMST4-10;ERVEXTAMST4-10;ERVEXTAGE5-65;1;2759
ERVEXTZEITPUNKT3-2011;ERVEXTAMST4-10;ERVEXTAMST4-10;ERVEXTAGE5-65;2;1423
ERVEXTZEITPUNKT3-2011;ERVEXTAMST4-10;ERVEXTAMST4-20;ERVEXTAGE5-15;1;42523
ERVEXTZEITPUNKT3-2011;ERVEXTAMST4-10;ERVEXTAMST4-20;ERVEXTAGE5-15;2;95590
ERVEXTZEITPUNKT3-2011;ERVEXTAMST4-10;ERVEXTAMST4-20;ERVEXTAGE5-65;1;75
ERVEXTZEITPUNKT3-2011;ERVEXTAMST4-10;ERVEXTAMST4-20;ERVEXTAGE5-65;2;61
ERVEXTZEITPUNKT3-2011;ERVEXTAMST4-10;ERVEXTAMST4-30;ERVEXTAGE5-15;1;368145
ERVEXTZEITPUNKT3-2011;ERVEXTAMST4-10;ERVEXTAMST4-30;ERVEXTAGE5-15;2;235308
ERVEXTZEITPUNKT3-2011;ERVEXTAMST4-10;ERVEXTAMST4-30;ERVEXTAGE5-65;1;61
ERVEXTZEITPUNKT3-2011;ERVEXTAMST4-10;ERVEXTAMST4-30;ERVEXTAGE5-65;2;35
ERVEXTZEITPUNKT3-2011;ERVEXTAMST4-10;ERVEXTAMST4-40;ERVEXTAGE5-15;1;44634
ERVEXTZEITPUNKT3-2011;ERVEXTAMST4-10;ERVEXTAMST4-40;ERVEXTAGE5-15;2;45632
ERVEXTZEITPUNKT3-2011;ERVEXTAMST4-10;ERVEXTAMST4-40;ERVEXTAGE5-65;1;19926
ERVEXTZEITPUNKT3-2011;ERVEXTAMST4-10;ERVEXTAMST4-40;ERVEXTAGE5-65;2;9658
ERVEXTZEITPUNKT3-2011;ERVEXTAMST4-10;ERVEXTAMST4-50;ERVEXTAGE5-15;1;120571
ERVEXTZEITPUNKT3-2011;ERVEXTAMST4-10;ERVEXTAMST4-50;ERVEXTAGE5-15;2;164702
ERVEXTZEITPUNKT3-2011;ERVEXTAMST4-10;ERVEXTAMST4-50;ERVEXTAGE5-65;1;3
ERVEXTZEITPUNKT3-2011;ERVEXTAMST4-10;ERVEXTAMST4-50;ERVEXTAGE5-65;2;2
ERVEXTZEITPUNKT3-2011;ERVEXTAMST4-10;ERVEXTAMST4-90;ERVEXTAGE5-15;1;312339
ERVEXTZEITPUNKT3-2011;ERVEXTAMST4-10;ERVEXTAMST4-90;ERVEXTAGE5-15;2;241178
ERVEXTZEITPUNKT3-2011;ERVEXTAMST4-10;ERVEXTAMST4-90;ERVEXTAGE5-15;0;5
ERVEXTZEITPUNKT3-2011;ERVEXTAMST4-10;ERVEXTAMST4-90;ERVEXTAGE5-65;1;1975
ERVEXTZEITPUNKT3-2011;ERVEXTAMST4-10;ERVEXTAMST4-90;ERVEXTAGE5-65;2;2415
ERVEXTZEITPUNKT3-2011;ERVEXTAMST4-20;ERVEXTAMST4-10;ERVEXTAGE5-15;1;22411
ERVEXTZEITPUNKT3-2011;ERVEXTAMST4-20;ERVEXTAMST4-10;ERVEXTAGE5-15;2;63001
ERVEXTZEITPUNKT3-2011;ERVEXTAMST4-20;ERVEXTAMST4-10;ERVEXTAGE5-65;1;35
ERVEXTZEITPUNKT3-2011;ERVEXTAMST4-20;ERVEXTAMST4-10;ERVEXTAGE5-65;2;32
ERVEXTZEITPUNKT3-2011;ERVEXTAMST4-20;ERVEXTAMST4-30;ERVEXTAGE5-15;1;5978
ERVEXTZEITPUNKT3-2011;ERVEXTAMST4-20;ERVEXTAMST4-30;ERVEXTAGE5-15;2;6100
ERVEXTZEITPUNKT3-2011;ERVEXTAMST4-20;ERVEXTAMST4-30;ERVEXTAGE5-65;1;2
ERVEXTZEITPUNKT3-2011;ERVEXTAMST4-20;ERVEXTAMST4-30;ERVEXTAGE5-65;2;1
ERVEXTZEITPUNKT3-2011;ERVEXTAMST4-20;ERVEXTAMST4-40;ERVEXTAGE5-15;1;1562
ERVEXTZEITPUNKT3-2011;ERVEXTAMST4-20;ERVEXTAMST4-40;ERVEXTAGE5-15;2;976
ERVEXTZEITPUNKT3-2011;ERVEXTAMST4-20;ERVEXTAMST4-40;ERVEXTAGE5-65;1;21
ERVEXTZEITPUNKT3-2011;ERVEXTAMST4-20;ERVEXTAMST4-40;ERVEXTAGE5-65;2;20
ERVEXTZEITPUNKT3-2011;ERVEXTAMST4-20;ERVEXTAMST4-50;ERVEXTAGE5-15;1;1217
ERVEXTZEITPUNKT3-2011;ERVEXTAMST4-20;ERVEXTAMST4-50;ERVEXTAGE5-15;2;2004
ERVEXTZEITPUNKT3-2011;ERVEXTAMST4-20;ERVEXTAMST4-90;ERVEXTAGE5-15;1;3964
ERVEXTZEITPUNKT3-2011;ERVEXTAMST4-20;ERVEXTAMST4-90;ERVEXTAGE5-15;2;8511
ERVEXTZEITPUNKT3-2011;ERVEXTAMST4-20;ERVEXTAMST4-90;ERVEXTAGE5-65;1;3
ERVEXTZEITPUNKT3-2011;ERVEXTAMST4-20;ERVEXTAMST4-90;ERVEXTAGE5-65;2;3
ERVEXTZEITPUNKT3-2011;ERVEXTAMST4-30;ERVEXTAMST4-10;ERVEXTAGE5-15;1;423781
ERVEXTZEITPUNKT3-2011;ERVEXTAMST4-30;ERVEXTAMST4-10;ERVEXTAGE5-15;2;274431
ERVEXTZEITPUNKT3-2011;ERVEXTAMST4-30;ERVEXTAMST4-10;ERVEXTAGE5-65;1;64
ERVEXTZEITPUNKT3-2011;ERVEXTAMST4-30;ERVEXTAMST4-10;ERVEXTAGE5-65;2;29
ERVEXTZEITPUNKT3-2011;ERVEXTAMST4-30;ERVEXTAMST4-30;ERVEXTAGE5-15;1;177804
ERVEXTZEITPUNKT3-2011;ERVEXTAMST4-30;ERVEXTAMST4-30;ERVEXTAGE5-15;2;185808
ERVEXTZEITPUNKT3-2011;ERVEXTAMST4-30;ERVEXTAMST4-30;ERVEXTAGE5-65;1;109
ERVEXTZEITPUNKT3-2011;ERVEXTAMST4-30;ERVEXTAMST4-30;ERVEXTAGE5-65;2;57
ERVEXTZEITPUNKT3-2011;ERVEXTAMST4-30;ERVEXTAMST4-40;ERVEXTAGE5-15;1;13789
ERVEXTZEITPUNKT3-2011;ERVEXTAMST4-30;ERVEXTAMST4-40;ERVEXTAGE5-15;2;8135
ERVEXTZEITPUNKT3-2011;ERVEXTAMST4-30;ERVEXTAMST4-40;ERVEXTAGE5-65;1;246
ERVEXTZEITPUNKT3-2011;ERVEXTAMST4-30;ERVEXTAMST4-40;ERVEXTAGE5-65;2;26
ERVEXTZEITPUNKT3-2011;ERVEXTAMST4-30;ERVEXTAMST4-50;ERVEXTAGE5-15;1;9584
ERVEXTZEITPUNKT3-2011;ERVEXTAMST4-30;ERVEXTAMST4-50;ERVEXTAGE5-15;2;9332
ERVEXTZEITPUNKT3-2011;ERVEXTAMST4-30;ERVEXTAMST4-90;ERVEXTAGE5-15;1;285770
ERVEXTZEITPUNKT3-2011;ERVEXTAMST4-30;ERVEXTAMST4-90;ERVEXTAGE5-15;2;240137
ERVEXTZEITPUNKT3-2011;ERVEXTAMST4-30;ERVEXTAMST4-90;ERVEXTAGE5-65;1;197
ERVEXTZEITPUNKT3-2011;ERVEXTAMST4-30;ERVEXTAMST4-90;ERVEXTAGE5-65;2;94
ERVEXTZEITPUNKT3-2011;ERVEXTAMST4-40;ERVEXTAMST4-10;ERVEXTAGE5-15;1;20922
ERVEXTZEITPUNKT3-2011;ERVEXTAMST4-40;ERVEXTAMST4-10;ERVEXTAGE5-15;2;21499
ERVEXTZEITPUNKT3-2011;ERVEXTAMST4-40;ERVEXTAMST4-10;ERVEXTAGE5-65;1;16637
ERVEXTZEITPUNKT3-2011;ERVEXTAMST4-40;ERVEXTAMST4-10;ERVEXTAGE5-65;2;7630
ERVEXTZEITPUNKT3-2011;ERVEXTAMST4-40;ERVEXTAMST4-30;ERVEXTAGE5-15;1;8598
ERVEXTZEITPUNKT3-2011;ERVEXTAMST4-40;ERVEXTAMST4-30;ERVEXTAGE5-15;2;4329
ERVEXTZEITPUNKT3-2011;ERVEXTAMST4-40;ERVEXTAMST4-30;ERVEXTAGE5-65;1;18
ERVEXTZEITPUNKT3-2011;ERVEXTAMST4-40;ERVEXTAMST4-30;ERVEXTAGE5-65;2;7
ERVEXTZEITPUNKT3-2011;ERVEXTAMST4-40;ERVEXTAMST4-40;ERVEXTAGE5-15;1;402
ERVEXTZEITPUNKT3-2011;ERVEXTAMST4-40;ERVEXTAMST4-40;ERVEXTAGE5-15;2;18328
ERVEXTZEITPUNKT3-2011;ERVEXTAMST4-40;ERVEXTAMST4-40;ERVEXTAGE5-65;1;82211
ERVEXTZEITPUNKT3-2011;ERVEXTAMST4-40;ERVEXTAMST4-40;ERVEXTAGE5-65;2;55444
ERVEXTZEITPUNKT3-2011;ERVEXTAMST4-40;ERVEXTAMST4-50;ERVEXTAGE5-15;1;24
ERVEXTZEITPUNKT3-2011;ERVEXTAMST4-40;ERVEXTAMST4-50;ERVEXTAGE5-15;2;20
ERVEXTZEITPUNKT3-2011;ERVEXTAMST4-40;ERVEXTAMST4-50;ERVEXTAGE5-65;2;1
ERVEXTZEITPUNKT3-2011;ERVEXTAMST4-40;ERVEXTAMST4-90;ERVEXTAGE5-15;1;6773
ERVEXTZEITPUNKT3-2011;ERVEXTAMST4-40;ERVEXTAMST4-90;ERVEXTAGE5-15;2;4216
ERVEXTZEITPUNKT3-2011;ERVEXTAMST4-40;ERVEXTAMST4-90;ERVEXTAGE5-65;1;32331
ERVEXTZEITPUNKT3-2011;ERVEXTAMST4-40;ERVEXTAMST4-90;ERVEXTAGE5-65;2;37912
ERVEXTZEITPUNKT3-2011;ERVEXTAMST4-50;ERVEXTAMST4-10;ERVEXTAGE5-15;1;142632
ERVEXTZEITPUNKT3-2011;ERVEXTAMST4-50;ERVEXTAMST4-10;ERVEXTAGE5-15;2;188316
ERVEXTZEITPUNKT3-2011;ERVEXTAMST4-50;ERVEXTAMST4-10;ERVEXTAGE5-65;1;1
ERVEXTZEITPUNKT3-2011;ERVEXTAMST4-50;ERVEXTAMST4-10;ERVEXTAGE5-65;2;3
ERVEXTZEITPUNKT3-2011;ERVEXTAMST4-50;ERVEXTAMST4-30;ERVEXTAGE5-15;1;13849
ERVEXTZEITPUNKT3-2011;ERVEXTAMST4-50;ERVEXTAMST4-30;ERVEXTAGE5-15;2;13438
ERVEXTZEITPUNKT3-2011;ERVEXTAMST4-50;ERVEXTAMST4-30;ERVEXTAGE5-65;1;1
ERVEXTZEITPUNKT3-2011;ERVEXTAMST4-50;ERVEXTAMST4-40;ERVEXTAGE5-15;1;43
ERVEXTZEITPUNKT3-2011;ERVEXTAMST4-50;ERVEXTAMST4-40;ERVEXTAGE5-15;2;60
ERVEXTZEITPUNKT3-2011;ERVEXTAMST4-50;ERVEXTAMST4-40;ERVEXTAGE5-65;1;4
ERVEXTZEITPUNKT3-2011;ERVEXTAMST4-50;ERVEXTAMST4-40;ERVEXTAGE5-65;2;1
ERVEXTZEITPUNKT3-2011;ERVEXTAMST4-50;ERVEXTAMST4-50;ERVEXTAGE5-15;1;12321
ERVEXTZEITPUNKT3-2011;ERVEXTAMST4-50;ERVEXTAMST4-50;ERVEXTAGE5-15;2;20023
ERVEXTZEITPUNKT3-2011;ERVEXTAMST4-50;ERVEXTAMST4-90;ERVEXTAGE5-15;1;35166
ERVEXTZEITPUNKT3-2011;ERVEXTAMST4-50;ERVEXTAMST4-90;ERVEXTAGE5-15;2;33985
ERVEXTZEITPUNKT3-2011;ERVEXTAMST4-50;ERVEXTAMST4-90;ERVEXTAGE5-15;0;1
ERVEXTZEITPUNKT3-2011;ERVEXTAMST4-50;ERVEXTAMST4-90;ERVEXTAGE5-65;1;16
ERVEXTZEITPUNKT3-2011;ERVEXTAMST4-50;ERVEXTAMST4-90;ERVEXTAGE5-65;2;11
ERVEXTZEITPUNKT3-2011;ERVEXTAMST4-90;ERVEXTAMST4-10;ERVEXTAGE5-15;1;318234
ERVEXTZEITPUNKT3-2011;ERVEXTAMST4-90;ERVEXTAMST4-10;ERVEXTAGE5-15;2;273588
ERVEXTZEITPUNKT3-2011;ERVEXTAMST4-90;ERVEXTAMST4-10;ERVEXTAGE5-15;0;8
ERVEXTZEITPUNKT3-2011;ERVEXTAMST4-90;ERVEXTAMST4-10;ERVEXTAGE5-65;1;1595
ERVEXTZEITPUNKT3-2011;ERVEXTAMST4-90;ERVEXTAMST4-10;ERVEXTAGE5-65;2;2053
ERVEXTZEITPUNKT3-2011;ERVEXTAMST4-90;ERVEXTAMST4-30;ERVEXTAGE5-15;1;332945
ERVEXTZEITPUNKT3-2011;ERVEXTAMST4-90;ERVEXTAMST4-30;ERVEXTAGE5-15;2;275502
ERVEXTZEITPUNKT3-2011;ERVEXTAMST4-90;ERVEXTAMST4-30;ERVEXTAGE5-65;1;209
ERVEXTZEITPUNKT3-2011;ERVEXTAMST4-90;ERVEXTAMST4-30;ERVEXTAGE5-65;2;97
ERVEXTZEITPUNKT3-2011;ERVEXTAMST4-90;ERVEXTAMST4-40;ERVEXTAGE5-15;1;10918
ERVEXTZEITPUNKT3-2011;ERVEXTAMST4-90;ERVEXTAMST4-40;ERVEXTAGE5-15;2;16057
ERVEXTZEITPUNKT3-2011;ERVEXTAMST4-90;ERVEXTAMST4-40;ERVEXTAGE5-65;1;4491
ERVEXTZEITPUNKT3-2011;ERVEXTAMST4-90;ERVEXTAMST4-40;ERVEXTAGE5-65;2;8046
ERVEXTZEITPUNKT3-2011;ERVEXTAMST4-90;ERVEXTAMST4-50;ERVEXTAGE5-15;1;16491
ERVEXTZEITPUNKT3-2011;ERVEXTAMST4-90;ERVEXTAMST4-50;ERVEXTAGE5-15;2;18019
ERVEXTZEITPUNKT3-2011;ERVEXTAMST4-90;ERVEXTAMST4-50;ERVEXTAGE5-65;1;10
ERVEXTZEITPUNKT3-2011;ERVEXTAMST4-90;ERVEXTAMST4-50;ERVEXTAGE5-65;2;6
ERVEXTZEITPUNKT3-2011;ERVEXTAMST4-90;ERVEXTAMST4-90;ERVEXTAGE5-15;1;253486
ERVEXTZEITPUNKT3-2011;ERVEXTAMST4-90;ERVEXTAMST4-90;ERVEXTAGE5-15;2;275267
ERVEXTZEITPUNKT3-2011;ERVEXTAMST4-90;ERVEXTAMST4-90;ERVEXTAGE5-15;0;1
ERVEXTZEITPUNKT3-2011;ERVEXTAMST4-90;ERVEXTAMST4-90;ERVEXTAGE5-65;1;5725
ERVEXTZEITPUNKT3-2011;ERVEXTAMST4-90;ERVEXTAMST4-90;ERVEXTAGE5-65;2;14601
ERVEXTZEITPUNKT3-2012;ERVEXTAMST4-10;ERVEXTAMST4-10;ERVEXTAGE5-15;1;336596
ERVEXTZEITPUNKT3-2012;ERVEXTAMST4-10;ERVEXTAMST4-10;ERVEXTAGE5-15;2;298952
ERVEXTZEITPUNKT3-2012;ERVEXTAMST4-10;ERVEXTAMST4-10;ERVEXTAGE5-15;0;1
ERVEXTZEITPUNKT3-2012;ERVEXTAMST4-10;ERVEXTAMST4-10;ERVEXTAGE5-65;1;3219
ERVEXTZEITPUNKT3-2012;ERVEXTAMST4-10;ERVEXTAMST4-10;ERVEXTAGE5-65;2;1677
ERVEXTZEITPUNKT3-2012;ERVEXTAMST4-10;ERVEXTAMST4-20;ERVEXTAGE5-15;1;43227
ERVEXTZEITPUNKT3-2012;ERVEXTAMST4-10;ERVEXTAMST4-20;ERVEXTAGE5-15;2;97393
ERVEXTZEITPUNKT3-2012;ERVEXTAMST4-10;ERVEXTAMST4-20;ERVEXTAGE5-65;1;78
ERVEXTZEITPUNKT3-2012;ERVEXTAMST4-10;ERVEXTAMST4-20;ERVEXTAGE5-65;2;49
ERVEXTZEITPUNKT3-2012;ERVEXTAMST4-10;ERVEXTAMST4-30;ERVEXTAGE5-15;1;380164
ERVEXTZEITPUNKT3-2012;ERVEXTAMST4-10;ERVEXTAMST4-30;ERVEXTAGE5-15;2;236687
ERVEXTZEITPUNKT3-2012;ERVEXTAMST4-10;ERVEXTAMST4-30;ERVEXTAGE5-65;1;73
ERVEXTZEITPUNKT3-2012;ERVEXTAMST4-10;ERVEXTAMST4-30;ERVEXTAGE5-65;2;34
ERVEXTZEITPUNKT3-2012;ERVEXTAMST4-10;ERVEXTAMST4-40;ERVEXTAGE5-15;1;43698
ERVEXTZEITPUNKT3-2012;ERVEXTAMST4-10;ERVEXTAMST4-40;ERVEXTAGE5-15;2;47943
ERVEXTZEITPUNKT3-2012;ERVEXTAMST4-10;ERVEXTAMST4-40;ERVEXTAGE5-65;1;21708
ERVEXTZEITPUNKT3-2012;ERVEXTAMST4-10;ERVEXTAMST4-40;ERVEXTAGE5-65;2;10282
ERVEXTZEITPUNKT3-2012;ERVEXTAMST4-10;ERVEXTAMST4-50;ERVEXTAGE5-15;1;123405
ERVEXTZEITPUNKT3-2012;ERVEXTAMST4-10;ERVEXTAMST4-50;ERVEXTAGE5-15;2;173498
ERVEXTZEITPUNKT3-2012;ERVEXTAMST4-10;ERVEXTAMST4-50;ERVEXTAGE5-65;1;1
ERVEXTZEITPUNKT3-2012;ERVEXTAMST4-10;ERVEXTAMST4-50;ERVEXTAGE5-65;2;4
ERVEXTZEITPUNKT3-2012;ERVEXTAMST4-10;ERVEXTAMST4-90;ERVEXTAGE5-15;1;330037
ERVEXTZEITPUNKT3-2012;ERVEXTAMST4-10;ERVEXTAMST4-90;ERVEXTAGE5-15;2;257878
ERVEXTZEITPUNKT3-2012;ERVEXTAMST4-10;ERVEXTAMST4-90;ERVEXTAGE5-15;0;22
ERVEXTZEITPUNKT3-2012;ERVEXTAMST4-10;ERVEXTAMST4-90;ERVEXTAGE5-65;1;2218
ERVEXTZEITPUNKT3-2012;ERVEXTAMST4-10;ERVEXTAMST4-90;ERVEXTAGE5-65;2;2582
ERVEXTZEITPUNKT3-2012;ERVEXTAMST4-10;ERVEXTAMST4-90;ERVEXTAGE5-65;0;1
ERVEXTZEITPUNKT3-2012;ERVEXTAMST4-20;ERVEXTAMST4-10;ERVEXTAGE5-15;1;24434
ERVEXTZEITPUNKT3-2012;ERVEXTAMST4-20;ERVEXTAMST4-10;ERVEXTAGE5-15;2;62241
ERVEXTZEITPUNKT3-2012;ERVEXTAMST4-20;ERVEXTAMST4-10;ERVEXTAGE5-65;1;31
ERVEXTZEITPUNKT3-2012;ERVEXTAMST4-20;ERVEXTAMST4-10;ERVEXTAGE5-65;2;28
ERVEXTZEITPUNKT3-2012;ERVEXTAMST4-20;ERVEXTAMST4-30;ERVEXTAGE5-15;1;5883
ERVEXTZEITPUNKT3-2012;ERVEXTAMST4-20;ERVEXTAMST4-30;ERVEXTAGE5-15;2;6401
ERVEXTZEITPUNKT3-2012;ERVEXTAMST4-20;ERVEXTAMST4-30;ERVEXTAGE5-65;1;3
ERVEXTZEITPUNKT3-2012;ERVEXTAMST4-20;ERVEXTAMST4-40;ERVEXTAGE5-15;1;1418
ERVEXTZEITPUNKT3-2012;ERVEXTAMST4-20;ERVEXTAMST4-40;ERVEXTAGE5-15;2;957
ERVEXTZEITPUNKT3-2012;ERVEXTAMST4-20;ERVEXTAMST4-40;ERVEXTAGE5-65;1;31
ERVEXTZEITPUNKT3-2012;ERVEXTAMST4-20;ERVEXTAMST4-40;ERVEXTAGE5-65;2;20
ERVEXTZEITPUNKT3-2012;ERVEXTAMST4-20;ERVEXTAMST4-50;ERVEXTAGE5-15;1;584
ERVEXTZEITPUNKT3-2012;ERVEXTAMST4-20;ERVEXTAMST4-50;ERVEXTAGE5-15;2;1359
ERVEXTZEITPUNKT3-2012;ERVEXTAMST4-20;ERVEXTAMST4-90;ERVEXTAGE5-15;1;4128
ERVEXTZEITPUNKT3-2012;ERVEXTAMST4-20;ERVEXTAMST4-90;ERVEXTAGE5-15;2;9722
ERVEXTZEITPUNKT3-2012;ERVEXTAMST4-20;ERVEXTAMST4-90;ERVEXTAGE5-65;1;9
ERVEXTZEITPUNKT3-2012;ERVEXTAMST4-20;ERVEXTAMST4-90;ERVEXTAGE5-65;2;4
ERVEXTZEITPUNKT3-2012;ERVEXTAMST4-30;ERVEXTAMST4-10;ERVEXTAGE5-15;1;414539
ERVEXTZEITPUNKT3-2012;ERVEXTAMST4-30;ERVEXTAMST4-10;ERVEXTAGE5-15;2;270649
ERVEXTZEITPUNKT3-2012;ERVEXTAMST4-30;ERVEXTAMST4-10;ERVEXTAGE5-65;1;57
ERVEXTZEITPUNKT3-2012;ERVEXTAMST4-30;ERVEXTAMST4-10;ERVEXTAGE5-65;2;29
ERVEXTZEITPUNKT3-2012;ERVEXTAMST4-30;ERVEXTAMST4-30;ERVEXTAGE5-15;1;207928
ERVEXTZEITPUNKT3-2012;ERVEXTAMST4-30;ERVEXTAMST4-30;ERVEXTAGE5-15;2;210304
ERVEXTZEITPUNKT3-2012;ERVEXTAMST4-30;ERVEXTAMST4-30;ERVEXTAGE5-65;1;126
ERVEXTZEITPUNKT3-2012;ERVEXTAMST4-30;ERVEXTAMST4-30;ERVEXTAGE5-65;2;61
ERVEXTZEITPUNKT3-2012;ERVEXTAMST4-30;ERVEXTAMST4-40;ERVEXTAGE5-15;1;13621
ERVEXTZEITPUNKT3-2012;ERVEXTAMST4-30;ERVEXTAMST4-40;ERVEXTAGE5-15;2;8154
ERVEXTZEITPUNKT3-2012;ERVEXTAMST4-30;ERVEXTAMST4-40;ERVEXTAGE5-65;1;308
ERVEXTZEITPUNKT3-2012;ERVEXTAMST4-30;ERVEXTAMST4-40;ERVEXTAGE5-65;2;24
ERVEXTZEITPUNKT3-2012;ERVEXTAMST4-30;ERVEXTAMST4-50;ERVEXTAGE5-15;1;9185
ERVEXTZEITPUNKT3-2012;ERVEXTAMST4-30;ERVEXTAMST4-50;ERVEXTAGE5-15;2;9431
ERVEXTZEITPUNKT3-2012;ERVEXTAMST4-30;ERVEXTAMST4-50;ERVEXTAGE5-65;1;5
ERVEXTZEITPUNKT3-2012;ERVEXTAMST4-30;ERVEXTAMST4-50;ERVEXTAGE5-65;2;1
ERVEXTZEITPUNKT3-2012;ERVEXTAMST4-30;ERVEXTAMST4-90;ERVEXTAGE5-15;1;295427
ERVEXTZEITPUNKT3-2012;ERVEXTAMST4-30;ERVEXTAMST4-90;ERVEXTAGE5-15;2;246600
ERVEXTZEITPUNKT3-2012;ERVEXTAMST4-30;ERVEXTAMST4-90;ERVEXTAGE5-65;1;234
ERVEXTZEITPUNKT3-2012;ERVEXTAMST4-30;ERVEXTAMST4-90;ERVEXTAGE5-65;2;141
ERVEXTZEITPUNKT3-2012;ERVEXTAMST4-40;ERVEXTAMST4-10;ERVEXTAGE5-15;1;20615
ERVEXTZEITPUNKT3-2012;ERVEXTAMST4-40;ERVEXTAMST4-10;ERVEXTAGE5-15;2;21885
ERVEXTZEITPUNKT3-2012;ERVEXTAMST4-40;ERVEXTAMST4-10;ERVEXTAGE5-65;1;18276
ERVEXTZEITPUNKT3-2012;ERVEXTAMST4-40;ERVEXTAMST4-10;ERVEXTAGE5-65;2;8045
ERVEXTZEITPUNKT3-2012;ERVEXTAMST4-40;ERVEXTAMST4-30;ERVEXTAGE5-15;1;8647
ERVEXTZEITPUNKT3-2012;ERVEXTAMST4-40;ERVEXTAMST4-30;ERVEXTAGE5-15;2;4124
ERVEXTZEITPUNKT3-2012;ERVEXTAMST4-40;ERVEXTAMST4-30;ERVEXTAGE5-65;1;27
ERVEXTZEITPUNKT3-2012;ERVEXTAMST4-40;ERVEXTAMST4-30;ERVEXTAGE5-65;2;13
ERVEXTZEITPUNKT3-2012;ERVEXTAMST4-40;ERVEXTAMST4-40;ERVEXTAGE5-15;1;348
ERVEXTZEITPUNKT3-2012;ERVEXTAMST4-40;ERVEXTAMST4-40;ERVEXTAGE5-15;2;15953
ERVEXTZEITPUNKT3-2012;ERVEXTAMST4-40;ERVEXTAMST4-40;ERVEXTAGE5-65;1;16855
ERVEXTZEITPUNKT3-2012;ERVEXTAMST4-40;ERVEXTAMST4-40;ERVEXTAGE5-65;2;517
ERVEXTZEITPUNKT3-2012;ERVEXTAMST4-40;ERVEXTAMST4-50;ERVEXTAGE5-15;1;33
ERVEXTZEITPUNKT3-2012;ERVEXTAMST4-40;ERVEXTAMST4-50;ERVEXTAGE5-15;2;16
ERVEXTZEITPUNKT3-2012;ERVEXTAMST4-40;ERVEXTAMST4-50;ERVEXTAGE5-65;2;1
ERVEXTZEITPUNKT3-2012;ERVEXTAMST4-40;ERVEXTAMST4-90;ERVEXTAGE5-15;1;6646
ERVEXTZEITPUNKT3-2012;ERVEXTAMST4-40;ERVEXTAMST4-90;ERVEXTAGE5-15;2;4145
ERVEXTZEITPUNKT3-2012;ERVEXTAMST4-40;ERVEXTAMST4-90;ERVEXTAGE5-65;1;33636
ERVEXTZEITPUNKT3-2012;ERVEXTAMST4-40;ERVEXTAMST4-90;ERVEXTAGE5-65;2;40610
ERVEXTZEITPUNKT3-2012;ERVEXTAMST4-50;ERVEXTAMST4-10;ERVEXTAGE5-15;1;144141
ERVEXTZEITPUNKT3-2012;ERVEXTAMST4-50;ERVEXTAMST4-10;ERVEXTAGE5-15;2;197464
ERVEXTZEITPUNKT3-2012;ERVEXTAMST4-50;ERVEXTAMST4-10;ERVEXTAGE5-65;1;3
ERVEXTZEITPUNKT3-2012;ERVEXTAMST4-50;ERVEXTAMST4-10;ERVEXTAGE5-65;2;2
ERVEXTZEITPUNKT3-2012;ERVEXTAMST4-50;ERVEXTAMST4-30;ERVEXTAGE5-15;1;13329
ERVEXTZEITPUNKT3-2012;ERVEXTAMST4-50;ERVEXTAMST4-30;ERVEXTAGE5-15;2;13516
ERVEXTZEITPUNKT3-2012;ERVEXTAMST4-50;ERVEXTAMST4-30;ERVEXTAGE5-65;1;4
ERVEXTZEITPUNKT3-2012;ERVEXTAMST4-50;ERVEXTAMST4-30;ERVEXTAGE5-65;2;2
ERVEXTZEITPUNKT3-2012;ERVEXTAMST4-50;ERVEXTAMST4-40;ERVEXTAGE5-15;1;47
ERVEXTZEITPUNKT3-2012;ERVEXTAMST4-50;ERVEXTAMST4-40;ERVEXTAGE5-15;2;60
ERVEXTZEITPUNKT3-2012;ERVEXTAMST4-50;ERVEXTAMST4-40;ERVEXTAGE5-65;1;3
ERVEXTZEITPUNKT3-2012;ERVEXTAMST4-50;ERVEXTAMST4-50;ERVEXTAGE5-15;1;11286
ERVEXTZEITPUNKT3-2012;ERVEXTAMST4-50;ERVEXTAMST4-50;ERVEXTAGE5-15;2;18953
ERVEXTZEITPUNKT3-2012;ERVEXTAMST4-50;ERVEXTAMST4-90;ERVEXTAGE5-15;1;34579
ERVEXTZEITPUNKT3-2012;ERVEXTAMST4-50;ERVEXTAMST4-90;ERVEXTAGE5-15;2;34125
ERVEXTZEITPUNKT3-2012;ERVEXTAMST4-50;ERVEXTAMST4-90;ERVEXTAGE5-65;1;10
ERVEXTZEITPUNKT3-2012;ERVEXTAMST4-50;ERVEXTAMST4-90;ERVEXTAGE5-65;2;13
ERVEXTZEITPUNKT3-2012;ERVEXTAMST4-90;ERVEXTAMST4-10;ERVEXTAGE5-15;1;333284
ERVEXTZEITPUNKT3-2012;ERVEXTAMST4-90;ERVEXTAMST4-10;ERVEXTAGE5-15;2;289101
ERVEXTZEITPUNKT3-2012;ERVEXTAMST4-90;ERVEXTAMST4-10;ERVEXTAGE5-15;0;21
ERVEXTZEITPUNKT3-2012;ERVEXTAMST4-90;ERVEXTAMST4-10;ERVEXTAGE5-65;1;1941
ERVEXTZEITPUNKT3-2012;ERVEXTAMST4-90;ERVEXTAMST4-10;ERVEXTAGE5-65;2;2341
ERVEXTZEITPUNKT3-2012;ERVEXTAMST4-90;ERVEXTAMST4-10;ERVEXTAGE5-65;0;1
ERVEXTZEITPUNKT3-2012;ERVEXTAMST4-90;ERVEXTAMST4-30;ERVEXTAGE5-15;1;339304
ERVEXTZEITPUNKT3-2012;ERVEXTAMST4-90;ERVEXTAMST4-30;ERVEXTAGE5-15;2;281419
ERVEXTZEITPUNKT3-2012;ERVEXTAMST4-90;ERVEXTAMST4-30;ERVEXTAGE5-65;1;229
ERVEXTZEITPUNKT3-2012;ERVEXTAMST4-90;ERVEXTAMST4-30;ERVEXTAGE5-65;2;136
ERVEXTZEITPUNKT3-2012;ERVEXTAMST4-90;ERVEXTAMST4-40;ERVEXTAGE5-15;1;9785
ERVEXTZEITPUNKT3-2012;ERVEXTAMST4-90;ERVEXTAMST4-40;ERVEXTAGE5-15;2;15916
ERVEXTZEITPUNKT3-2012;ERVEXTAMST4-90;ERVEXTAMST4-40;ERVEXTAGE5-65;1;5130
ERVEXTZEITPUNKT3-2012;ERVEXTAMST4-90;ERVEXTAMST4-40;ERVEXTAGE5-65;2;8785
ERVEXTZEITPUNKT3-2012;ERVEXTAMST4-90;ERVEXTAMST4-40;ERVEXTAGE5-65;0;1
ERVEXTZEITPUNKT3-2012;ERVEXTAMST4-90;ERVEXTAMST4-50;ERVEXTAGE5-15;1;17355
ERVEXTZEITPUNKT3-2012;ERVEXTAMST4-90;ERVEXTAMST4-50;ERVEXTAGE5-15;2;19011
ERVEXTZEITPUNKT3-2012;ERVEXTAMST4-90;ERVEXTAMST4-50;ERVEXTAGE5-65;1;9
ERVEXTZEITPUNKT3-2012;ERVEXTAMST4-90;ERVEXTAMST4-50;ERVEXTAGE5-65;2;5
ERVEXTZEITPUNKT3-2012;ERVEXTAMST4-90;ERVEXTAMST4-90;ERVEXTAGE5-15;1;259566
ERVEXTZEITPUNKT3-2012;ERVEXTAMST4-90;ERVEXTAMST4-90;ERVEXTAGE5-15;2;275875
ERVEXTZEITPUNKT3-2012;ERVEXTAMST4-90;ERVEXTAMST4-90;ERVEXTAGE5-15;0;2
ERVEXTZEITPUNKT3-2012;ERVEXTAMST4-90;ERVEXTAMST4-90;ERVEXTAGE5-65;1;6110
ERVEXTZEITPUNKT3-2012;ERVEXTAMST4-90;ERVEXTAMST4-90;ERVEXTAGE5-65;2;15202
ERVEXTZEITPUNKT3-2013;ERVEXTAMST4-10;ERVEXTAMST4-10;ERVEXTAGE5-15;1;346867
ERVEXTZEITPUNKT3-2013;ERVEXTAMST4-10;ERVEXTAMST4-10;ERVEXTAGE5-15;2;316909
ERVEXTZEITPUNKT3-2013;ERVEXTAMST4-10;ERVEXTAMST4-10;ERVEXTAGE5-15;0;2
ERVEXTZEITPUNKT3-2013;ERVEXTAMST4-10;ERVEXTAMST4-10;ERVEXTAGE5-65;1;4032
ERVEXTZEITPUNKT3-2013;ERVEXTAMST4-10;ERVEXTAMST4-10;ERVEXTAGE5-65;2;2347
ERVEXTZEITPUNKT3-2013;ERVEXTAMST4-10;ERVEXTAMST4-20;ERVEXTAGE5-15;1;43275
ERVEXTZEITPUNKT3-2013;ERVEXTAMST4-10;ERVEXTAMST4-20;ERVEXTAGE5-15;2;97437
ERVEXTZEITPUNKT3-2013;ERVEXTAMST4-10;ERVEXTAMST4-20;ERVEXTAGE5-65;1;66
ERVEXTZEITPUNKT3-2013;ERVEXTAMST4-10;ERVEXTAMST4-20;ERVEXTAGE5-65;2;59
ERVEXTZEITPUNKT3-2013;ERVEXTAMST4-10;ERVEXTAMST4-30;ERVEXTAGE5-15;1;387057
ERVEXTZEITPUNKT3-2013;ERVEXTAMST4-10;ERVEXTAMST4-30;ERVEXTAGE5-15;2;238920
ERVEXTZEITPUNKT3-2013;ERVEXTAMST4-10;ERVEXTAMST4-30;ERVEXTAGE5-65;1;66
ERVEXTZEITPUNKT3-2013;ERVEXTAMST4-10;ERVEXTAMST4-30;ERVEXTAGE5-65;2;46
ERVEXTZEITPUNKT3-2013;ERVEXTAMST4-10;ERVEXTAMST4-40;ERVEXTAGE5-15;1;43037
ERVEXTZEITPUNKT3-2013;ERVEXTAMST4-10;ERVEXTAMST4-40;ERVEXTAGE5-15;2;49210
ERVEXTZEITPUNKT3-2013;ERVEXTAMST4-10;ERVEXTAMST4-40;ERVEXTAGE5-65;1;22506
ERVEXTZEITPUNKT3-2013;ERVEXTAMST4-10;ERVEXTAMST4-40;ERVEXTAGE5-65;2;11548
ERVEXTZEITPUNKT3-2013;ERVEXTAMST4-10;ERVEXTAMST4-50;ERVEXTAGE5-15;1;123467
ERVEXTZEITPUNKT3-2013;ERVEXTAMST4-10;ERVEXTAMST4-50;ERVEXTAGE5-15;2;173777
ERVEXTZEITPUNKT3-2013;ERVEXTAMST4-10;ERVEXTAMST4-50;ERVEXTAGE5-65;1;1
ERVEXTZEITPUNKT3-2013;ERVEXTAMST4-10;ERVEXTAMST4-50;ERVEXTAGE5-65;2;1
ERVEXTZEITPUNKT3-2013;ERVEXTAMST4-10;ERVEXTAMST4-90;ERVEXTAGE5-15;1;328916
ERVEXTZEITPUNKT3-2013;ERVEXTAMST4-10;ERVEXTAMST4-90;ERVEXTAGE5-15;2;263499
ERVEXTZEITPUNKT3-2013;ERVEXTAMST4-10;ERVEXTAMST4-90;ERVEXTAGE5-15;0;33
ERVEXTZEITPUNKT3-2013;ERVEXTAMST4-10;ERVEXTAMST4-90;ERVEXTAGE5-65;1;2586
ERVEXTZEITPUNKT3-2013;ERVEXTAMST4-10;ERVEXTAMST4-90;ERVEXTAGE5-65;2;3042
ERVEXTZEITPUNKT3-2013;ERVEXTAMST4-20;ERVEXTAMST4-10;ERVEXTAGE5-15;1;24741
ERVEXTZEITPUNKT3-2013;ERVEXTAMST4-20;ERVEXTAMST4-10;ERVEXTAGE5-15;2;62382
ERVEXTZEITPUNKT3-2013;ERVEXTAMST4-20;ERVEXTAMST4-10;ERVEXTAGE5-65;1;45
ERVEXTZEITPUNKT3-2013;ERVEXTAMST4-20;ERVEXTAMST4-10;ERVEXTAGE5-65;2;24
ERVEXTZEITPUNKT3-2013;ERVEXTAMST4-20;ERVEXTAMST4-30;ERVEXTAGE5-15;1;6033
ERVEXTZEITPUNKT3-2013;ERVEXTAMST4-20;ERVEXTAMST4-30;ERVEXTAGE5-15;2;6686
ERVEXTZEITPUNKT3-2013;ERVEXTAMST4-20;ERVEXTAMST4-40;ERVEXTAGE5-15;1;1421
ERVEXTZEITPUNKT3-2013;ERVEXTAMST4-20;ERVEXTAMST4-40;ERVEXTAGE5-15;2;980
ERVEXTZEITPUNKT3-2013;ERVEXTAMST4-20;ERVEXTAMST4-40;ERVEXTAGE5-65;1;23
ERVEXTZEITPUNKT3-2013;ERVEXTAMST4-20;ERVEXTAMST4-40;ERVEXTAGE5-65;2;31
ERVEXTZEITPUNKT3-2013;ERVEXTAMST4-20;ERVEXTAMST4-50;ERVEXTAGE5-15;1;678
ERVEXTZEITPUNKT3-2013;ERVEXTAMST4-20;ERVEXTAMST4-50;ERVEXTAGE5-15;2;1401
ERVEXTZEITPUNKT3-2013;ERVEXTAMST4-20;ERVEXTAMST4-90;ERVEXTAGE5-15;1;4066
ERVEXTZEITPUNKT3-2013;ERVEXTAMST4-20;ERVEXTAMST4-90;ERVEXTAGE5-15;2;10271
ERVEXTZEITPUNKT3-2013;ERVEXTAMST4-20;ERVEXTAMST4-90;ERVEXTAGE5-65;1;4
ERVEXTZEITPUNKT3-2013;ERVEXTAMST4-20;ERVEXTAMST4-90;ERVEXTAGE5-65;2;3
ERVEXTZEITPUNKT3-2013;ERVEXTAMST4-30;ERVEXTAMST4-10;ERVEXTAGE5-15;1;426540
ERVEXTZEITPUNKT3-2013;ERVEXTAMST4-30;ERVEXTAMST4-10;ERVEXTAGE5-15;2;274381
ERVEXTZEITPUNKT3-2013;ERVEXTAMST4-30;ERVEXTAMST4-10;ERVEXTAGE5-65;1;47
ERVEXTZEITPUNKT3-2013;ERVEXTAMST4-30;ERVEXTAMST4-10;ERVEXTAGE5-65;2;37
ERVEXTZEITPUNKT3-2013;ERVEXTAMST4-30;ERVEXTAMST4-30;ERVEXTAGE5-15;1;241933
ERVEXTZEITPUNKT3-2013;ERVEXTAMST4-30;ERVEXTAMST4-30;ERVEXTAGE5-15;2;238295
ERVEXTZEITPUNKT3-2013;ERVEXTAMST4-30;ERVEXTAMST4-30;ERVEXTAGE5-65;1;94
ERVEXTZEITPUNKT3-2013;ERVEXTAMST4-30;ERVEXTAMST4-30;ERVEXTAGE5-65;2;56
ERVEXTZEITPUNKT3-2013;ERVEXTAMST4-30;ERVEXTAMST4-40;ERVEXTAGE5-15;1;15159
ERVEXTZEITPUNKT3-2013;ERVEXTAMST4-30;ERVEXTAMST4-40;ERVEXTAGE5-15;2;9444
ERVEXTZEITPUNKT3-2013;ERVEXTAMST4-30;ERVEXTAMST4-40;ERVEXTAGE5-65;1;287
ERVEXTZEITPUNKT3-2013;ERVEXTAMST4-30;ERVEXTAMST4-40;ERVEXTAGE5-65;2;39
ERVEXTZEITPUNKT3-2013;ERVEXTAMST4-30;ERVEXTAMST4-50;ERVEXTAGE5-15;1;9764
ERVEXTZEITPUNKT3-2013;ERVEXTAMST4-30;ERVEXTAMST4-50;ERVEXTAGE5-15;2;10085
ERVEXTZEITPUNKT3-2013;ERVEXTAMST4-30;ERVEXTAMST4-50;ERVEXTAGE5-65;1;2
ERVEXTZEITPUNKT3-2013;ERVEXTAMST4-30;ERVEXTAMST4-90;ERVEXTAGE5-15;1;312372
ERVEXTZEITPUNKT3-2013;ERVEXTAMST4-30;ERVEXTAMST4-90;ERVEXTAGE5-15;2;257284
ERVEXTZEITPUNKT3-2013;ERVEXTAMST4-30;ERVEXTAMST4-90;ERVEXTAGE5-65;1;203
ERVEXTZEITPUNKT3-2013;ERVEXTAMST4-30;ERVEXTAMST4-90;ERVEXTAGE5-65;2;129
ERVEXTZEITPUNKT3-2013;ERVEXTAMST4-40;ERVEXTAMST4-10;ERVEXTAGE5-15;1;21156
ERVEXTZEITPUNKT3-2013;ERVEXTAMST4-40;ERVEXTAMST4-10;ERVEXTAGE5-15;2;24760
ERVEXTZEITPUNKT3-2013;ERVEXTAMST4-40;ERVEXTAMST4-10;ERVEXTAGE5-65;1;21465
ERVEXTZEITPUNKT3-2013;ERVEXTAMST4-40;ERVEXTAMST4-10;ERVEXTAGE5-65;2;11293
ERVEXTZEITPUNKT3-2013;ERVEXTAMST4-40;ERVEXTAMST4-30;ERVEXTAGE5-15;1;12250
ERVEXTZEITPUNKT3-2013;ERVEXTAMST4-40;ERVEXTAMST4-30;ERVEXTAGE5-15;2;6559
ERVEXTZEITPUNKT3-2013;ERVEXTAMST4-40;ERVEXTAMST4-30;ERVEXTAGE5-65;1;21
ERVEXTZEITPUNKT3-2013;ERVEXTAMST4-40;ERVEXTAMST4-30;ERVEXTAGE5-65;2;10
ERVEXTZEITPUNKT3-2013;ERVEXTAMST4-40;ERVEXTAMST4-40;ERVEXTAGE5-15;1;219
ERVEXTZEITPUNKT3-2013;ERVEXTAMST4-40;ERVEXTAMST4-40;ERVEXTAGE5-15;2;15841
ERVEXTZEITPUNKT3-2013;ERVEXTAMST4-40;ERVEXTAMST4-40;ERVEXTAGE5-65;1;15818
ERVEXTZEITPUNKT3-2013;ERVEXTAMST4-40;ERVEXTAMST4-40;ERVEXTAGE5-65;2;388
ERVEXTZEITPUNKT3-2013;ERVEXTAMST4-40;ERVEXTAMST4-50;ERVEXTAGE5-15;1;18
ERVEXTZEITPUNKT3-2013;ERVEXTAMST4-40;ERVEXTAMST4-50;ERVEXTAGE5-15;2;13
ERVEXTZEITPUNKT3-2013;ERVEXTAMST4-40;ERVEXTAMST4-50;ERVEXTAGE5-65;1;1
ERVEXTZEITPUNKT3-2013;ERVEXTAMST4-40;ERVEXTAMST4-50;ERVEXTAGE5-65;2;1
ERVEXTZEITPUNKT3-2013;ERVEXTAMST4-40;ERVEXTAMST4-90;ERVEXTAGE5-15;1;6163
ERVEXTZEITPUNKT3-2013;ERVEXTAMST4-40;ERVEXTAMST4-90;ERVEXTAGE5-15;2;3689
ERVEXTZEITPUNKT3-2013;ERVEXTAMST4-40;ERVEXTAMST4-90;ERVEXTAGE5-65;1;34105
ERVEXTZEITPUNKT3-2013;ERVEXTAMST4-40;ERVEXTAMST4-90;ERVEXTAGE5-65;2;40005
ERVEXTZEITPUNKT3-2013;ERVEXTAMST4-50;ERVEXTAMST4-10;ERVEXTAGE5-15;1;144781
ERVEXTZEITPUNKT3-2013;ERVEXTAMST4-50;ERVEXTAMST4-10;ERVEXTAGE5-15;2;196819
ERVEXTZEITPUNKT3-2013;ERVEXTAMST4-50;ERVEXTAMST4-10;ERVEXTAGE5-65;1;3
ERVEXTZEITPUNKT3-2013;ERVEXTAMST4-50;ERVEXTAMST4-10;ERVEXTAGE5-65;2;1
ERVEXTZEITPUNKT3-2013;ERVEXTAMST4-50;ERVEXTAMST4-30;ERVEXTAGE5-15;1;14018
ERVEXTZEITPUNKT3-2013;ERVEXTAMST4-50;ERVEXTAMST4-30;ERVEXTAGE5-15;2;14404
ERVEXTZEITPUNKT3-2013;ERVEXTAMST4-50;ERVEXTAMST4-30;ERVEXTAGE5-65;1;1
ERVEXTZEITPUNKT3-2013;ERVEXTAMST4-50;ERVEXTAMST4-40;ERVEXTAGE5-15;1;43
ERVEXTZEITPUNKT3-2013;ERVEXTAMST4-50;ERVEXTAMST4-40;ERVEXTAGE5-15;2;49
ERVEXTZEITPUNKT3-2013;ERVEXTAMST4-50;ERVEXTAMST4-40;ERVEXTAGE5-65;1;4
ERVEXTZEITPUNKT3-2013;ERVEXTAMST4-50;ERVEXTAMST4-40;ERVEXTAGE5-65;2;1
ERVEXTZEITPUNKT3-2013;ERVEXTAMST4-50;ERVEXTAMST4-50;ERVEXTAGE5-15;1;11473
ERVEXTZEITPUNKT3-2013;ERVEXTAMST4-50;ERVEXTAMST4-50;ERVEXTAGE5-15;2;18960
ERVEXTZEITPUNKT3-2013;ERVEXTAMST4-50;ERVEXTAMST4-90;ERVEXTAGE5-15;1;34059
ERVEXTZEITPUNKT3-2013;ERVEXTAMST4-50;ERVEXTAMST4-90;ERVEXTAGE5-15;2;34297
ERVEXTZEITPUNKT3-2013;ERVEXTAMST4-50;ERVEXTAMST4-90;ERVEXTAGE5-65;1;11
ERVEXTZEITPUNKT3-2013;ERVEXTAMST4-50;ERVEXTAMST4-90;ERVEXTAGE5-65;2;12
ERVEXTZEITPUNKT3-2013;ERVEXTAMST4-90;ERVEXTAMST4-10;ERVEXTAGE5-15;1;333281
ERVEXTZEITPUNKT3-2013;ERVEXTAMST4-90;ERVEXTAMST4-10;ERVEXTAGE5-15;2;299733
ERVEXTZEITPUNKT3-2013;ERVEXTAMST4-90;ERVEXTAMST4-10;ERVEXTAGE5-15;0;37
ERVEXTZEITPUNKT3-2013;ERVEXTAMST4-90;ERVEXTAMST4-10;ERVEXTAGE5-65;1;2077
ERVEXTZEITPUNKT3-2013;ERVEXTAMST4-90;ERVEXTAMST4-10;ERVEXTAGE5-65;2;2911
ERVEXTZEITPUNKT3-2013;ERVEXTAMST4-90;ERVEXTAMST4-30;ERVEXTAGE5-15;1;363859
ERVEXTZEITPUNKT3-2013;ERVEXTAMST4-90;ERVEXTAMST4-30;ERVEXTAGE5-15;2;297966
ERVEXTZEITPUNKT3-2013;ERVEXTAMST4-90;ERVEXTAMST4-30;ERVEXTAGE5-65;1;190
ERVEXTZEITPUNKT3-2013;ERVEXTAMST4-90;ERVEXTAMST4-30;ERVEXTAGE5-65;2;125
ERVEXTZEITPUNKT3-2013;ERVEXTAMST4-90;ERVEXTAMST4-40;ERVEXTAGE5-15;1;9467
ERVEXTZEITPUNKT3-2013;ERVEXTAMST4-90;ERVEXTAMST4-40;ERVEXTAGE5-15;2;15014
ERVEXTZEITPUNKT3-2013;ERVEXTAMST4-90;ERVEXTAMST4-40;ERVEXTAGE5-65;1;4851
ERVEXTZEITPUNKT3-2013;ERVEXTAMST4-90;ERVEXTAMST4-40;ERVEXTAGE5-65;2;8129
ERVEXTZEITPUNKT3-2013;ERVEXTAMST4-90;ERVEXTAMST4-50;ERVEXTAGE5-15;1;17951
ERVEXTZEITPUNKT3-2013;ERVEXTAMST4-90;ERVEXTAMST4-50;ERVEXTAGE5-15;2;19541
ERVEXTZEITPUNKT3-2013;ERVEXTAMST4-90;ERVEXTAMST4-50;ERVEXTAGE5-65;1;2
ERVEXTZEITPUNKT3-2013;ERVEXTAMST4-90;ERVEXTAMST4-50;ERVEXTAGE5-65;2;7
ERVEXTZEITPUNKT3-2013;ERVEXTAMST4-90;ERVEXTAMST4-90;ERVEXTAGE5-15;1;253924
ERVEXTZEITPUNKT3-2013;ERVEXTAMST4-90;ERVEXTAMST4-90;ERVEXTAGE5-15;2;266214
ERVEXTZEITPUNKT3-2013;ERVEXTAMST4-90;ERVEXTAMST4-90;ERVEXTAGE5-15;0;4
ERVEXTZEITPUNKT3-2013;ERVEXTAMST4-90;ERVEXTAMST4-90;ERVEXTAGE5-65;1;5568
ERVEXTZEITPUNKT3-2013;ERVEXTAMST4-90;ERVEXTAMST4-90;ERVEXTAGE5-65;2;14036
ERVEXTZEITPUNKT3-2014;ERVEXTAMST4-10;ERVEXTAMST4-10;ERVEXTAGE5-15;1;347402
ERVEXTZEITPUNKT3-2014;ERVEXTAMST4-10;ERVEXTAMST4-10;ERVEXTAGE5-15;2;331395
ERVEXTZEITPUNKT3-2014;ERVEXTAMST4-10;ERVEXTAMST4-10;ERVEXTAGE5-15;0;1
ERVEXTZEITPUNKT3-2014;ERVEXTAMST4-10;ERVEXTAMST4-10;ERVEXTAGE5-65;1;4535
ERVEXTZEITPUNKT3-2014;ERVEXTAMST4-10;ERVEXTAMST4-10;ERVEXTAGE5-65;2;2610
ERVEXTZEITPUNKT3-2014;ERVEXTAMST4-10;ERVEXTAMST4-20;ERVEXTAGE5-15;1;43851
ERVEXTZEITPUNKT3-2014;ERVEXTAMST4-10;ERVEXTAMST4-20;ERVEXTAGE5-15;2;96675
ERVEXTZEITPUNKT3-2014;ERVEXTAMST4-10;ERVEXTAMST4-20;ERVEXTAGE5-65;1;100
ERVEXTZEITPUNKT3-2014;ERVEXTAMST4-10;ERVEXTAMST4-20;ERVEXTAGE5-65;2;72
ERVEXTZEITPUNKT3-2014;ERVEXTAMST4-10;ERVEXTAMST4-30;ERVEXTAGE5-15;1;393128
ERVEXTZEITPUNKT3-2014;ERVEXTAMST4-10;ERVEXTAMST4-30;ERVEXTAGE5-15;2;245105
ERVEXTZEITPUNKT3-2014;ERVEXTAMST4-10;ERVEXTAMST4-30;ERVEXTAGE5-65;1;118
ERVEXTZEITPUNKT3-2014;ERVEXTAMST4-10;ERVEXTAMST4-30;ERVEXTAGE5-65;2;45
ERVEXTZEITPUNKT3-2014;ERVEXTAMST4-10;ERVEXTAMST4-40;ERVEXTAGE5-15;1;37672
ERVEXTZEITPUNKT3-2014;ERVEXTAMST4-10;ERVEXTAMST4-40;ERVEXTAGE5-15;2;44181
ERVEXTZEITPUNKT3-2014;ERVEXTAMST4-10;ERVEXTAMST4-40;ERVEXTAGE5-65;1;23751
ERVEXTZEITPUNKT3-2014;ERVEXTAMST4-10;ERVEXTAMST4-40;ERVEXTAGE5-65;2;12866
ERVEXTZEITPUNKT3-2014;ERVEXTAMST4-10;ERVEXTAMST4-50;ERVEXTAGE5-15;1;123157
ERVEXTZEITPUNKT3-2014;ERVEXTAMST4-10;ERVEXTAMST4-50;ERVEXTAGE5-15;2;179023
ERVEXTZEITPUNKT3-2014;ERVEXTAMST4-10;ERVEXTAMST4-50;ERVEXTAGE5-65;1;1
ERVEXTZEITPUNKT3-2014;ERVEXTAMST4-10;ERVEXTAMST4-50;ERVEXTAGE5-65;2;1
ERVEXTZEITPUNKT3-2014;ERVEXTAMST4-10;ERVEXTAMST4-90;ERVEXTAGE5-15;1;339210
ERVEXTZEITPUNKT3-2014;ERVEXTAMST4-10;ERVEXTAMST4-90;ERVEXTAGE5-15;2;275331
ERVEXTZEITPUNKT3-2014;ERVEXTAMST4-10;ERVEXTAMST4-90;ERVEXTAGE5-15;0;36
ERVEXTZEITPUNKT3-2014;ERVEXTAMST4-10;ERVEXTAMST4-90;ERVEXTAGE5-65;1;2910
ERVEXTZEITPUNKT3-2014;ERVEXTAMST4-10;ERVEXTAMST4-90;ERVEXTAGE5-65;2;3537
ERVEXTZEITPUNKT3-2014;ERVEXTAMST4-20;ERVEXTAMST4-10;ERVEXTAGE5-15;1;25051
ERVEXTZEITPUNKT3-2014;ERVEXTAMST4-20;ERVEXTAMST4-10;ERVEXTAGE5-15;2;56688
ERVEXTZEITPUNKT3-2014;ERVEXTAMST4-20;ERVEXTAMST4-10;ERVEXTAGE5-65;1;43
ERVEXTZEITPUNKT3-2014;ERVEXTAMST4-20;ERVEXTAMST4-10;ERVEXTAGE5-65;2;34
ERVEXTZEITPUNKT3-2014;ERVEXTAMST4-20;ERVEXTAMST4-30;ERVEXTAGE5-15;1;5847
ERVEXTZEITPUNKT3-2014;ERVEXTAMST4-20;ERVEXTAMST4-30;ERVEXTAGE5-15;2;7049
ERVEXTZEITPUNKT3-2014;ERVEXTAMST4-20;ERVEXTAMST4-30;ERVEXTAGE5-65;1;3
ERVEXTZEITPUNKT3-2014;ERVEXTAMST4-20;ERVEXTAMST4-30;ERVEXTAGE5-65;2;2
ERVEXTZEITPUNKT3-2014;ERVEXTAMST4-20;ERVEXTAMST4-40;ERVEXTAGE5-15;1;1209
ERVEXTZEITPUNKT3-2014;ERVEXTAMST4-20;ERVEXTAMST4-40;ERVEXTAGE5-15;2;836
ERVEXTZEITPUNKT3-2014;ERVEXTAMST4-20;ERVEXTAMST4-40;ERVEXTAGE5-65;1;46
ERVEXTZEITPUNKT3-2014;ERVEXTAMST4-20;ERVEXTAMST4-40;ERVEXTAGE5-65;2;30
ERVEXTZEITPUNKT3-2014;ERVEXTAMST4-20;ERVEXTAMST4-50;ERVEXTAGE5-15;1;704
ERVEXTZEITPUNKT3-2014;ERVEXTAMST4-20;ERVEXTAMST4-50;ERVEXTAGE5-15;2;1685
ERVEXTZEITPUNKT3-2014;ERVEXTAMST4-20;ERVEXTAMST4-90;ERVEXTAGE5-15;1;4290
ERVEXTZEITPUNKT3-2014;ERVEXTAMST4-20;ERVEXTAMST4-90;ERVEXTAGE5-15;2;19090
ERVEXTZEITPUNKT3-2014;ERVEXTAMST4-20;ERVEXTAMST4-90;ERVEXTAGE5-65;1;6
ERVEXTZEITPUNKT3-2014;ERVEXTAMST4-20;ERVEXTAMST4-90;ERVEXTAGE5-65;2;6
ERVEXTZEITPUNKT3-2014;ERVEXTAMST4-30;ERVEXTAMST4-10;ERVEXTAGE5-15;1;429378
ERVEXTZEITPUNKT3-2014;ERVEXTAMST4-30;ERVEXTAMST4-10;ERVEXTAGE5-15;2;277988
ERVEXTZEITPUNKT3-2014;ERVEXTAMST4-30;ERVEXTAMST4-10;ERVEXTAGE5-65;1;102
ERVEXTZEITPUNKT3-2014;ERVEXTAMST4-30;ERVEXTAMST4-10;ERVEXTAGE5-65;2;42
ERVEXTZEITPUNKT3-2014;ERVEXTAMST4-30;ERVEXTAMST4-30;ERVEXTAGE5-15;1;243276
ERVEXTZEITPUNKT3-2014;ERVEXTAMST4-30;ERVEXTAMST4-30;ERVEXTAGE5-15;2;233955
ERVEXTZEITPUNKT3-2014;ERVEXTAMST4-30;ERVEXTAMST4-30;ERVEXTAGE5-65;1;227
ERVEXTZEITPUNKT3-2014;ERVEXTAMST4-30;ERVEXTAMST4-30;ERVEXTAGE5-65;2;58
ERVEXTZEITPUNKT3-2014;ERVEXTAMST4-30;ERVEXTAMST4-40;ERVEXTAGE5-15;1;15117
ERVEXTZEITPUNKT3-2014;ERVEXTAMST4-30;ERVEXTAMST4-40;ERVEXTAGE5-15;2;8994
ERVEXTZEITPUNKT3-2014;ERVEXTAMST4-30;ERVEXTAMST4-40;ERVEXTAGE5-65;1;397
ERVEXTZEITPUNKT3-2014;ERVEXTAMST4-30;ERVEXTAMST4-40;ERVEXTAGE5-65;2;32
ERVEXTZEITPUNKT3-2014;ERVEXTAMST4-30;ERVEXTAMST4-50;ERVEXTAGE5-15;1;10807
ERVEXTZEITPUNKT3-2014;ERVEXTAMST4-30;ERVEXTAMST4-50;ERVEXTAGE5-15;2;10925
ERVEXTZEITPUNKT3-2014;ERVEXTAMST4-30;ERVEXTAMST4-50;ERVEXTAGE5-65;1;2
ERVEXTZEITPUNKT3-2014;ERVEXTAMST4-30;ERVEXTAMST4-90;ERVEXTAGE5-15;1;321207
ERVEXTZEITPUNKT3-2014;ERVEXTAMST4-30;ERVEXTAMST4-90;ERVEXTAGE5-15;2;266461
ERVEXTZEITPUNKT3-2014;ERVEXTAMST4-30;ERVEXTAMST4-90;ERVEXTAGE5-65;1;375
ERVEXTZEITPUNKT3-2014;ERVEXTAMST4-30;ERVEXTAMST4-90;ERVEXTAGE5-65;2;147
ERVEXTZEITPUNKT3-2014;ERVEXTAMST4-40;ERVEXTAMST4-10;ERVEXTAGE5-15;1;18945
ERVEXTZEITPUNKT3-2014;ERVEXTAMST4-40;ERVEXTAMST4-10;ERVEXTAGE5-15;2;22655
ERVEXTZEITPUNKT3-2014;ERVEXTAMST4-40;ERVEXTAMST4-10;ERVEXTAGE5-65;1;19597
ERVEXTZEITPUNKT3-2014;ERVEXTAMST4-40;ERVEXTAMST4-10;ERVEXTAGE5-65;2;10159
ERVEXTZEITPUNKT3-2014;ERVEXTAMST4-40;ERVEXTAMST4-30;ERVEXTAGE5-15;1;12388
ERVEXTZEITPUNKT3-2014;ERVEXTAMST4-40;ERVEXTAMST4-30;ERVEXTAGE5-15;2;6504
ERVEXTZEITPUNKT3-2014;ERVEXTAMST4-40;ERVEXTAMST4-30;ERVEXTAGE5-65;1;71
ERVEXTZEITPUNKT3-2014;ERVEXTAMST4-40;ERVEXTAMST4-30;ERVEXTAGE5-65;2;12
ERVEXTZEITPUNKT3-2014;ERVEXTAMST4-40;ERVEXTAMST4-40;ERVEXTAGE5-15;1;826
ERVEXTZEITPUNKT3-2014;ERVEXTAMST4-40;ERVEXTAMST4-40;ERVEXTAGE5-15;2;15785
ERVEXTZEITPUNKT3-2014;ERVEXTAMST4-40;ERVEXTAMST4-40;ERVEXTAGE5-65;1;14338
ERVEXTZEITPUNKT3-2014;ERVEXTAMST4-40;ERVEXTAMST4-40;ERVEXTAGE5-65;2;367
ERVEXTZEITPUNKT3-2014;ERVEXTAMST4-40;ERVEXTAMST4-50;ERVEXTAGE5-15;1;58
ERVEXTZEITPUNKT3-2014;ERVEXTAMST4-40;ERVEXTAMST4-50;ERVEXTAGE5-15;2;76
ERVEXTZEITPUNKT3-2014;ERVEXTAMST4-40;ERVEXTAMST4-90;ERVEXTAGE5-15;1;9034
ERVEXTZEITPUNKT3-2014;ERVEXTAMST4-40;ERVEXTAMST4-90;ERVEXTAGE5-15;2;7763
ERVEXTZEITPUNKT3-2014;ERVEXTAMST4-40;ERVEXTAMST4-90;ERVEXTAGE5-65;1;33695
ERVEXTZEITPUNKT3-2014;ERVEXTAMST4-40;ERVEXTAMST4-90;ERVEXTAGE5-65;2;38809
ERVEXTZEITPUNKT3-2014;ERVEXTAMST4-50;ERVEXTAMST4-10;ERVEXTAGE5-15;1;142310
ERVEXTZEITPUNKT3-2014;ERVEXTAMST4-50;ERVEXTAMST4-10;ERVEXTAGE5-15;2;201067
ERVEXTZEITPUNKT3-2014;ERVEXTAMST4-50;ERVEXTAMST4-10;ERVEXTAGE5-65;1;1
ERVEXTZEITPUNKT3-2014;ERVEXTAMST4-50;ERVEXTAMST4-10;ERVEXTAGE5-65;2;1
ERVEXTZEITPUNKT3-2014;ERVEXTAMST4-50;ERVEXTAMST4-30;ERVEXTAGE5-15;1;14670
ERVEXTZEITPUNKT3-2014;ERVEXTAMST4-50;ERVEXTAMST4-30;ERVEXTAGE5-15;2;13968
ERVEXTZEITPUNKT3-2014;ERVEXTAMST4-50;ERVEXTAMST4-30;ERVEXTAGE5-65;1;2
ERVEXTZEITPUNKT3-2014;ERVEXTAMST4-50;ERVEXTAMST4-40;ERVEXTAGE5-15;1;32
ERVEXTZEITPUNKT3-2014;ERVEXTAMST4-50;ERVEXTAMST4-40;ERVEXTAGE5-15;2;45
ERVEXTZEITPUNKT3-2014;ERVEXTAMST4-50;ERVEXTAMST4-40;ERVEXTAGE5-65;1;2
ERVEXTZEITPUNKT3-2014;ERVEXTAMST4-50;ERVEXTAMST4-40;ERVEXTAGE5-65;2;1
ERVEXTZEITPUNKT3-2014;ERVEXTAMST4-50;ERVEXTAMST4-50;ERVEXTAGE5-15;1;10448
ERVEXTZEITPUNKT3-2014;ERVEXTAMST4-50;ERVEXTAMST4-50;ERVEXTAGE5-15;2;18213
ERVEXTZEITPUNKT3-2014;ERVEXTAMST4-50;ERVEXTAMST4-90;ERVEXTAGE5-15;1;35562
ERVEXTZEITPUNKT3-2014;ERVEXTAMST4-50;ERVEXTAMST4-90;ERVEXTAGE5-15;2;34490
ERVEXTZEITPUNKT3-2014;ERVEXTAMST4-50;ERVEXTAMST4-90;ERVEXTAGE5-65;1;6
ERVEXTZEITPUNKT3-2014;ERVEXTAMST4-50;ERVEXTAMST4-90;ERVEXTAGE5-65;2;7
ERVEXTZEITPUNKT3-2014;ERVEXTAMST4-90;ERVEXTAMST4-10;ERVEXTAGE5-15;1;344275
ERVEXTZEITPUNKT3-2014;ERVEXTAMST4-90;ERVEXTAMST4-10;ERVEXTAGE5-15;2;311942
ERVEXTZEITPUNKT3-2014;ERVEXTAMST4-90;ERVEXTAMST4-10;ERVEXTAGE5-15;0;41
ERVEXTZEITPUNKT3-2014;ERVEXTAMST4-90;ERVEXTAMST4-10;ERVEXTAGE5-65;1;2395
ERVEXTZEITPUNKT3-2014;ERVEXTAMST4-90;ERVEXTAMST4-10;ERVEXTAGE5-65;2;3133
ERVEXTZEITPUNKT3-2014;ERVEXTAMST4-90;ERVEXTAMST4-30;ERVEXTAGE5-15;1;364209
ERVEXTZEITPUNKT3-2014;ERVEXTAMST4-90;ERVEXTAMST4-30;ERVEXTAGE5-15;2;299797
ERVEXTZEITPUNKT3-2014;ERVEXTAMST4-90;ERVEXTAMST4-30;ERVEXTAGE5-65;1;390
ERVEXTZEITPUNKT3-2014;ERVEXTAMST4-90;ERVEXTAMST4-30;ERVEXTAGE5-65;2;139
ERVEXTZEITPUNKT3-2014;ERVEXTAMST4-90;ERVEXTAMST4-40;ERVEXTAGE5-15;1;8007
ERVEXTZEITPUNKT3-2014;ERVEXTAMST4-90;ERVEXTAMST4-40;ERVEXTAGE5-15;2;12931
ERVEXTZEITPUNKT3-2014;ERVEXTAMST4-90;ERVEXTAMST4-40;ERVEXTAGE5-65;1;5221
ERVEXTZEITPUNKT3-2014;ERVEXTAMST4-90;ERVEXTAMST4-40;ERVEXTAGE5-65;2;8216
ERVEXTZEITPUNKT3-2014;ERVEXTAMST4-90;ERVEXTAMST4-50;ERVEXTAGE5-15;1;18447
ERVEXTZEITPUNKT3-2014;ERVEXTAMST4-90;ERVEXTAMST4-50;ERVEXTAGE5-15;2;20300
ERVEXTZEITPUNKT3-2014;ERVEXTAMST4-90;ERVEXTAMST4-50;ERVEXTAGE5-65;1;11
ERVEXTZEITPUNKT3-2014;ERVEXTAMST4-90;ERVEXTAMST4-50;ERVEXTAGE5-65;2;3
ERVEXTZEITPUNKT3-2014;ERVEXTAMST4-90;ERVEXTAMST4-90;ERVEXTAGE5-15;1;263811
ERVEXTZEITPUNKT3-2014;ERVEXTAMST4-90;ERVEXTAMST4-90;ERVEXTAGE5-15;2;272698
ERVEXTZEITPUNKT3-2014;ERVEXTAMST4-90;ERVEXTAMST4-90;ERVEXTAGE5-65;1;5415
ERVEXTZEITPUNKT3-2014;ERVEXTAMST4-90;ERVEXTAMST4-90;ERVEXTAGE5-65;2;14267
ERVEXTZEITPUNKT3-2015;ERVEXTAMST4-10;ERVEXTAMST4-10;ERVEXTAGE5-15;1;356290
ERVEXTZEITPUNKT3-2015;ERVEXTAMST4-10;ERVEXTAMST4-10;ERVEXTAGE5-15;2;341136
ERVEXTZEITPUNKT3-2015;ERVEXTAMST4-10;ERVEXTAMST4-10;ERVEXTAGE5-15;0;1
ERVEXTZEITPUNKT3-2015;ERVEXTAMST4-10;ERVEXTAMST4-10;ERVEXTAGE5-65;1;4795
ERVEXTZEITPUNKT3-2015;ERVEXTAMST4-10;ERVEXTAMST4-10;ERVEXTAGE5-65;2;2570
ERVEXTZEITPUNKT3-2015;ERVEXTAMST4-10;ERVEXTAMST4-20;ERVEXTAGE5-15;1;44102
ERVEXTZEITPUNKT3-2015;ERVEXTAMST4-10;ERVEXTAMST4-20;ERVEXTAGE5-15;2;97389
ERVEXTZEITPUNKT3-2015;ERVEXTAMST4-10;ERVEXTAMST4-20;ERVEXTAGE5-65;1;98
ERVEXTZEITPUNKT3-2015;ERVEXTAMST4-10;ERVEXTAMST4-20;ERVEXTAGE5-65;2;41
ERVEXTZEITPUNKT3-2015;ERVEXTAMST4-10;ERVEXTAMST4-30;ERVEXTAGE5-15;1;401334
ERVEXTZEITPUNKT3-2015;ERVEXTAMST4-10;ERVEXTAMST4-30;ERVEXTAGE5-15;2;248704
ERVEXTZEITPUNKT3-2015;ERVEXTAMST4-10;ERVEXTAMST4-30;ERVEXTAGE5-65;1;208
ERVEXTZEITPUNKT3-2015;ERVEXTAMST4-10;ERVEXTAMST4-30;ERVEXTAGE5-65;2;79
ERVEXTZEITPUNKT3-2015;ERVEXTAMST4-10;ERVEXTAMST4-40;ERVEXTAGE5-15;1;32280
ERVEXTZEITPUNKT3-2015;ERVEXTAMST4-10;ERVEXTAMST4-40;ERVEXTAGE5-15;2;42070
ERVEXTZEITPUNKT3-2015;ERVEXTAMST4-10;ERVEXTAMST4-40;ERVEXTAGE5-65;1;24894
ERVEXTZEITPUNKT3-2015;ERVEXTAMST4-10;ERVEXTAMST4-40;ERVEXTAGE5-65;2;13828
ERVEXTZEITPUNKT3-2015;ERVEXTAMST4-10;ERVEXTAMST4-50;ERVEXTAGE5-15;1;123417
ERVEXTZEITPUNKT3-2015;ERVEXTAMST4-10;ERVEXTAMST4-50;ERVEXTAGE5-15;2;181104
ERVEXTZEITPUNKT3-2015;ERVEXTAMST4-10;ERVEXTAMST4-50;ERVEXTAGE5-65;1;2
ERVEXTZEITPUNKT3-2015;ERVEXTAMST4-10;ERVEXTAMST4-50;ERVEXTAGE5-65;2;1
ERVEXTZEITPUNKT3-2015;ERVEXTAMST4-10;ERVEXTAMST4-90;ERVEXTAGE5-15;1;342887
ERVEXTZEITPUNKT3-2015;ERVEXTAMST4-10;ERVEXTAMST4-90;ERVEXTAGE5-15;2;285462
ERVEXTZEITPUNKT3-2015;ERVEXTAMST4-10;ERVEXTAMST4-90;ERVEXTAGE5-15;0;58
ERVEXTZEITPUNKT3-2015;ERVEXTAMST4-10;ERVEXTAMST4-90;ERVEXTAGE5-65;1;3241
ERVEXTZEITPUNKT3-2015;ERVEXTAMST4-10;ERVEXTAMST4-90;ERVEXTAGE5-65;2;4024
ERVEXTZEITPUNKT3-2015;ERVEXTAMST4-20;ERVEXTAMST4-10;ERVEXTAGE5-15;1;25386
ERVEXTZEITPUNKT3-2015;ERVEXTAMST4-20;ERVEXTAMST4-10;ERVEXTAGE5-15;2;54727
ERVEXTZEITPUNKT3-2015;ERVEXTAMST4-20;ERVEXTAMST4-10;ERVEXTAGE5-65;1;36
ERVEXTZEITPUNKT3-2015;ERVEXTAMST4-20;ERVEXTAMST4-10;ERVEXTAGE5-65;2;15
ERVEXTZEITPUNKT3-2015;ERVEXTAMST4-20;ERVEXTAMST4-30;ERVEXTAGE5-15;1;5731
ERVEXTZEITPUNKT3-2015;ERVEXTAMST4-20;ERVEXTAMST4-30;ERVEXTAGE5-15;2;6476
ERVEXTZEITPUNKT3-2015;ERVEXTAMST4-20;ERVEXTAMST4-30;ERVEXTAGE5-65;1;4
ERVEXTZEITPUNKT3-2015;ERVEXTAMST4-20;ERVEXTAMST4-40;ERVEXTAGE5-15;1;1090
ERVEXTZEITPUNKT3-2015;ERVEXTAMST4-20;ERVEXTAMST4-40;ERVEXTAGE5-15;2;705
ERVEXTZEITPUNKT3-2015;ERVEXTAMST4-20;ERVEXTAMST4-40;ERVEXTAGE5-65;1;45
ERVEXTZEITPUNKT3-2015;ERVEXTAMST4-20;ERVEXTAMST4-40;ERVEXTAGE5-65;2;19
ERVEXTZEITPUNKT3-2015;ERVEXTAMST4-20;ERVEXTAMST4-50;ERVEXTAGE5-15;1;692
ERVEXTZEITPUNKT3-2015;ERVEXTAMST4-20;ERVEXTAMST4-50;ERVEXTAGE5-15;2;1479
ERVEXTZEITPUNKT3-2015;ERVEXTAMST4-20;ERVEXTAMST4-90;ERVEXTAGE5-15;1;4387
ERVEXTZEITPUNKT3-2015;ERVEXTAMST4-20;ERVEXTAMST4-90;ERVEXTAGE5-15;2;17894
ERVEXTZEITPUNKT3-2015;ERVEXTAMST4-20;ERVEXTAMST4-90;ERVEXTAGE5-65;1;8
ERVEXTZEITPUNKT3-2015;ERVEXTAMST4-20;ERVEXTAMST4-90;ERVEXTAGE5-65;2;2
ERVEXTZEITPUNKT3-2015;ERVEXTAMST4-30;ERVEXTAMST4-10;ERVEXTAGE5-15;1;444559
ERVEXTZEITPUNKT3-2015;ERVEXTAMST4-30;ERVEXTAMST4-10;ERVEXTAGE5-15;2;283292
ERVEXTZEITPUNKT3-2015;ERVEXTAMST4-30;ERVEXTAMST4-10;ERVEXTAGE5-65;1;156
ERVEXTZEITPUNKT3-2015;ERVEXTAMST4-30;ERVEXTAMST4-10;ERVEXTAGE5-65;2;52
ERVEXTZEITPUNKT3-2015;ERVEXTAMST4-30;ERVEXTAMST4-30;ERVEXTAGE5-15;1;183581
ERVEXTZEITPUNKT3-2015;ERVEXTAMST4-30;ERVEXTAMST4-30;ERVEXTAGE5-15;2;192548
ERVEXTZEITPUNKT3-2015;ERVEXTAMST4-30;ERVEXTAMST4-30;ERVEXTAGE5-65;1;77
ERVEXTZEITPUNKT3-2015;ERVEXTAMST4-30;ERVEXTAMST4-30;ERVEXTAGE5-65;2;25
ERVEXTZEITPUNKT3-2015;ERVEXTAMST4-30;ERVEXTAMST4-40;ERVEXTAGE5-15;1;13307
ERVEXTZEITPUNKT3-2015;ERVEXTAMST4-30;ERVEXTAMST4-40;ERVEXTAGE5-15;2;8235
ERVEXTZEITPUNKT3-2015;ERVEXTAMST4-30;ERVEXTAMST4-40;ERVEXTAGE5-65;1;650
ERVEXTZEITPUNKT3-2015;ERVEXTAMST4-30;ERVEXTAMST4-40;ERVEXTAGE5-65;2;33
ERVEXTZEITPUNKT3-2015;ERVEXTAMST4-30;ERVEXTAMST4-50;ERVEXTAGE5-15;1;10247
ERVEXTZEITPUNKT3-2015;ERVEXTAMST4-30;ERVEXTAMST4-50;ERVEXTAGE5-15;2;10050
ERVEXTZEITPUNKT3-2015;ERVEXTAMST4-30;ERVEXTAMST4-50;ERVEXTAGE5-65;1;3
ERVEXTZEITPUNKT3-2015;ERVEXTAMST4-30;ERVEXTAMST4-90;ERVEXTAGE5-15;1;313903
ERVEXTZEITPUNKT3-2015;ERVEXTAMST4-30;ERVEXTAMST4-90;ERVEXTAGE5-15;2;260328
ERVEXTZEITPUNKT3-2015;ERVEXTAMST4-30;ERVEXTAMST4-90;ERVEXTAGE5-65;1;593
ERVEXTZEITPUNKT3-2015;ERVEXTAMST4-30;ERVEXTAMST4-90;ERVEXTAGE5-65;2;135
ERVEXTZEITPUNKT3-2015;ERVEXTAMST4-40;ERVEXTAMST4-10;ERVEXTAGE5-15;1;18239
ERVEXTZEITPUNKT3-2015;ERVEXTAMST4-40;ERVEXTAMST4-10;ERVEXTAGE5-15;2;23112
ERVEXTZEITPUNKT3-2015;ERVEXTAMST4-40;ERVEXTAMST4-10;ERVEXTAGE5-65;1;19971
ERVEXTZEITPUNKT3-2015;ERVEXTAMST4-40;ERVEXTAMST4-10;ERVEXTAGE5-65;2;10955
ERVEXTZEITPUNKT3-2015;ERVEXTAMST4-40;ERVEXTAMST4-30;ERVEXTAGE5-15;1;10963
ERVEXTZEITPUNKT3-2015;ERVEXTAMST4-40;ERVEXTAMST4-30;ERVEXTAGE5-15;2;5798
ERVEXTZEITPUNKT3-2015;ERVEXTAMST4-40;ERVEXTAMST4-30;ERVEXTAGE5-65;1;71
ERVEXTZEITPUNKT3-2015;ERVEXTAMST4-40;ERVEXTAMST4-30;ERVEXTAGE5-65;2;14
ERVEXTZEITPUNKT3-2015;ERVEXTAMST4-40;ERVEXTAMST4-40;ERVEXTAGE5-15;1;963
ERVEXTZEITPUNKT3-2015;ERVEXTAMST4-40;ERVEXTAMST4-40;ERVEXTAGE5-15;2;15667
ERVEXTZEITPUNKT3-2015;ERVEXTAMST4-40;ERVEXTAMST4-40;ERVEXTAGE5-65;1;13488
ERVEXTZEITPUNKT3-2015;ERVEXTAMST4-40;ERVEXTAMST4-40;ERVEXTAGE5-65;2;562
ERVEXTZEITPUNKT3-2015;ERVEXTAMST4-40;ERVEXTAMST4-50;ERVEXTAGE5-15;1;40
ERVEXTZEITPUNKT3-2015;ERVEXTAMST4-40;ERVEXTAMST4-50;ERVEXTAGE5-15;2;46
ERVEXTZEITPUNKT3-2015;ERVEXTAMST4-40;ERVEXTAMST4-90;ERVEXTAGE5-15;1;7478
ERVEXTZEITPUNKT3-2015;ERVEXTAMST4-40;ERVEXTAMST4-90;ERVEXTAGE5-15;2;5817
ERVEXTZEITPUNKT3-2015;ERVEXTAMST4-40;ERVEXTAMST4-90;ERVEXTAGE5-65;1;36570
ERVEXTZEITPUNKT3-2015;ERVEXTAMST4-40;ERVEXTAMST4-90;ERVEXTAGE5-65;2;42136
ERVEXTZEITPUNKT3-2015;ERVEXTAMST4-50;ERVEXTAMST4-10;ERVEXTAGE5-15;1;142767
ERVEXTZEITPUNKT3-2015;ERVEXTAMST4-50;ERVEXTAMST4-10;ERVEXTAGE5-15;2;203541
ERVEXTZEITPUNKT3-2015;ERVEXTAMST4-50;ERVEXTAMST4-30;ERVEXTAGE5-15;1;13744
ERVEXTZEITPUNKT3-2015;ERVEXTAMST4-50;ERVEXTAMST4-30;ERVEXTAGE5-15;2;13810
ERVEXTZEITPUNKT3-2015;ERVEXTAMST4-50;ERVEXTAMST4-30;ERVEXTAGE5-65;1;3
ERVEXTZEITPUNKT3-2015;ERVEXTAMST4-50;ERVEXTAMST4-40;ERVEXTAGE5-15;1;27
ERVEXTZEITPUNKT3-2015;ERVEXTAMST4-50;ERVEXTAMST4-40;ERVEXTAGE5-15;2;44
ERVEXTZEITPUNKT3-2015;ERVEXTAMST4-50;ERVEXTAMST4-40;ERVEXTAGE5-65;1;3
ERVEXTZEITPUNKT3-2015;ERVEXTAMST4-50;ERVEXTAMST4-40;ERVEXTAGE5-65;2;1
ERVEXTZEITPUNKT3-2015;ERVEXTAMST4-50;ERVEXTAMST4-50;ERVEXTAGE5-15;1;10540
ERVEXTZEITPUNKT3-2015;ERVEXTAMST4-50;ERVEXTAMST4-50;ERVEXTAGE5-15;2;17626
ERVEXTZEITPUNKT3-2015;ERVEXTAMST4-50;ERVEXTAMST4-90;ERVEXTAGE5-15;1;36227
ERVEXTZEITPUNKT3-2015;ERVEXTAMST4-50;ERVEXTAMST4-90;ERVEXTAGE5-15;2;36317
ERVEXTZEITPUNKT3-2015;ERVEXTAMST4-50;ERVEXTAMST4-90;ERVEXTAGE5-65;1;19
ERVEXTZEITPUNKT3-2015;ERVEXTAMST4-50;ERVEXTAMST4-90;ERVEXTAGE5-65;2;16
ERVEXTZEITPUNKT3-2015;ERVEXTAMST4-90;ERVEXTAMST4-10;ERVEXTAGE5-15;1;346195
ERVEXTZEITPUNKT3-2015;ERVEXTAMST4-90;ERVEXTAMST4-10;ERVEXTAGE5-15;2;320906
ERVEXTZEITPUNKT3-2015;ERVEXTAMST4-90;ERVEXTAMST4-10;ERVEXTAGE5-15;0;61
ERVEXTZEITPUNKT3-2015;ERVEXTAMST4-90;ERVEXTAMST4-10;ERVEXTAGE5-65;1;2670
ERVEXTZEITPUNKT3-2015;ERVEXTAMST4-90;ERVEXTAMST4-10;ERVEXTAGE5-65;2;3562
ERVEXTZEITPUNKT3-2015;ERVEXTAMST4-90;ERVEXTAMST4-30;ERVEXTAGE5-15;1;358822
ERVEXTZEITPUNKT3-2015;ERVEXTAMST4-90;ERVEXTAMST4-30;ERVEXTAGE5-15;2;293447
ERVEXTZEITPUNKT3-2015;ERVEXTAMST4-90;ERVEXTAMST4-30;ERVEXTAGE5-65;1;555
ERVEXTZEITPUNKT3-2015;ERVEXTAMST4-90;ERVEXTAMST4-30;ERVEXTAGE5-65;2;100
ERVEXTZEITPUNKT3-2015;ERVEXTAMST4-90;ERVEXTAMST4-40;ERVEXTAGE5-15;1;8190
ERVEXTZEITPUNKT3-2015;ERVEXTAMST4-90;ERVEXTAMST4-40;ERVEXTAGE5-15;2;12802
ERVEXTZEITPUNKT3-2015;ERVEXTAMST4-90;ERVEXTAMST4-40;ERVEXTAGE5-65;1;5168
ERVEXTZEITPUNKT3-2015;ERVEXTAMST4-90;ERVEXTAMST4-40;ERVEXTAGE5-65;2;8913
ERVEXTZEITPUNKT3-2015;ERVEXTAMST4-90;ERVEXTAMST4-50;ERVEXTAGE5-15;1;19644
ERVEXTZEITPUNKT3-2015;ERVEXTAMST4-90;ERVEXTAMST4-50;ERVEXTAGE5-15;2;21615
ERVEXTZEITPUNKT3-2015;ERVEXTAMST4-90;ERVEXTAMST4-50;ERVEXTAGE5-65;1;8
ERVEXTZEITPUNKT3-2015;ERVEXTAMST4-90;ERVEXTAMST4-50;ERVEXTAGE5-65;2;5
ERVEXTZEITPUNKT3-2015;ERVEXTAMST4-90;ERVEXTAMST4-90;ERVEXTAGE5-15;1;309754
ERVEXTZEITPUNKT3-2015;ERVEXTAMST4-90;ERVEXTAMST4-90;ERVEXTAGE5-15;2;292360
ERVEXTZEITPUNKT3-2015;ERVEXTAMST4-90;ERVEXTAMST4-90;ERVEXTAGE5-15;0;34
ERVEXTZEITPUNKT3-2015;ERVEXTAMST4-90;ERVEXTAMST4-90;ERVEXTAGE5-65;1;5642
ERVEXTZEITPUNKT3-2015;ERVEXTAMST4-90;ERVEXTAMST4-90;ERVEXTAGE5-65;2;16553
ERVEXTZEITPUNKT3-2015;ERVEXTAMST4-90;ERVEXTAMST4-90;ERVEXTAGE5-65;0;1
ERVEXTZEITPUNKT3-2016;ERVEXTAMST4-10;ERVEXTAMST4-10;ERVEXTAGE5-15;1;371315
ERVEXTZEITPUNKT3-2016;ERVEXTAMST4-10;ERVEXTAMST4-10;ERVEXTAGE5-15;2;355180
ERVEXTZEITPUNKT3-2016;ERVEXTAMST4-10;ERVEXTAMST4-10;ERVEXTAGE5-65;1;4922
ERVEXTZEITPUNKT3-2016;ERVEXTAMST4-10;ERVEXTAMST4-10;ERVEXTAGE5-65;2;2755
ERVEXTZEITPUNKT3-2016;ERVEXTAMST4-10;ERVEXTAMST4-20;ERVEXTAGE5-15;1;46003
ERVEXTZEITPUNKT3-2016;ERVEXTAMST4-10;ERVEXTAMST4-20;ERVEXTAGE5-15;2;98545
ERVEXTZEITPUNKT3-2016;ERVEXTAMST4-10;ERVEXTAMST4-20;ERVEXTAGE5-65;1;101
ERVEXTZEITPUNKT3-2016;ERVEXTAMST4-10;ERVEXTAMST4-20;ERVEXTAGE5-65;2;74
ERVEXTZEITPUNKT3-2016;ERVEXTAMST4-10;ERVEXTAMST4-30;ERVEXTAGE5-15;1;395411
ERVEXTZEITPUNKT3-2016;ERVEXTAMST4-10;ERVEXTAMST4-30;ERVEXTAGE5-15;2;248308
ERVEXTZEITPUNKT3-2016;ERVEXTAMST4-10;ERVEXTAMST4-30;ERVEXTAGE5-65;1;165
ERVEXTZEITPUNKT3-2016;ERVEXTAMST4-10;ERVEXTAMST4-30;ERVEXTAGE5-65;2;66
ERVEXTZEITPUNKT3-2016;ERVEXTAMST4-10;ERVEXTAMST4-40;ERVEXTAGE5-15;1;37123
ERVEXTZEITPUNKT3-2016;ERVEXTAMST4-10;ERVEXTAMST4-40;ERVEXTAGE5-15;2;45470
ERVEXTZEITPUNKT3-2016;ERVEXTAMST4-10;ERVEXTAMST4-40;ERVEXTAGE5-65;1;25284
ERVEXTZEITPUNKT3-2016;ERVEXTAMST4-10;ERVEXTAMST4-40;ERVEXTAGE5-65;2;14586
ERVEXTZEITPUNKT3-2016;ERVEXTAMST4-10;ERVEXTAMST4-50;ERVEXTAGE5-15;1;126113
ERVEXTZEITPUNKT3-2016;ERVEXTAMST4-10;ERVEXTAMST4-50;ERVEXTAGE5-15;2;182842
ERVEXTZEITPUNKT3-2016;ERVEXTAMST4-10;ERVEXTAMST4-50;ERVEXTAGE5-65;2;1
ERVEXTZEITPUNKT3-2016;ERVEXTAMST4-10;ERVEXTAMST4-90;ERVEXTAGE5-15;1;352796
ERVEXTZEITPUNKT3-2016;ERVEXTAMST4-10;ERVEXTAMST4-90;ERVEXTAGE5-15;2;287760
ERVEXTZEITPUNKT3-2016;ERVEXTAMST4-10;ERVEXTAMST4-90;ERVEXTAGE5-15;0;38
ERVEXTZEITPUNKT3-2016;ERVEXTAMST4-10;ERVEXTAMST4-90;ERVEXTAGE5-65;1;3420
ERVEXTZEITPUNKT3-2016;ERVEXTAMST4-10;ERVEXTAMST4-90;ERVEXTAGE5-65;2;4303
ERVEXTZEITPUNKT3-2016;ERVEXTAMST4-20;ERVEXTAMST4-10;ERVEXTAGE5-15;1;26467
ERVEXTZEITPUNKT3-2016;ERVEXTAMST4-20;ERVEXTAMST4-10;ERVEXTAGE5-15;2;55459
ERVEXTZEITPUNKT3-2016;ERVEXTAMST4-20;ERVEXTAMST4-10;ERVEXTAGE5-65;1;55
ERVEXTZEITPUNKT3-2016;ERVEXTAMST4-20;ERVEXTAMST4-10;ERVEXTAGE5-65;2;30
ERVEXTZEITPUNKT3-2016;ERVEXTAMST4-20;ERVEXTAMST4-30;ERVEXTAGE5-15;1;5610
ERVEXTZEITPUNKT3-2016;ERVEXTAMST4-20;ERVEXTAMST4-30;ERVEXTAGE5-15;2;6343
ERVEXTZEITPUNKT3-2016;ERVEXTAMST4-20;ERVEXTAMST4-30;ERVEXTAGE5-65;1;3
ERVEXTZEITPUNKT3-2016;ERVEXTAMST4-20;ERVEXTAMST4-30;ERVEXTAGE5-65;2;1
ERVEXTZEITPUNKT3-2016;ERVEXTAMST4-20;ERVEXTAMST4-40;ERVEXTAGE5-15;1;1090
ERVEXTZEITPUNKT3-2016;ERVEXTAMST4-20;ERVEXTAMST4-40;ERVEXTAGE5-15;2;743
ERVEXTZEITPUNKT3-2016;ERVEXTAMST4-20;ERVEXTAMST4-40;ERVEXTAGE5-65;1;39
ERVEXTZEITPUNKT3-2016;ERVEXTAMST4-20;ERVEXTAMST4-40;ERVEXTAGE5-65;2;28
ERVEXTZEITPUNKT3-2016;ERVEXTAMST4-20;ERVEXTAMST4-50;ERVEXTAGE5-15;1;703
ERVEXTZEITPUNKT3-2016;ERVEXTAMST4-20;ERVEXTAMST4-50;ERVEXTAGE5-15;2;1647
ERVEXTZEITPUNKT3-2016;ERVEXTAMST4-20;ERVEXTAMST4-90;ERVEXTAGE5-15;1;4515
ERVEXTZEITPUNKT3-2016;ERVEXTAMST4-20;ERVEXTAMST4-90;ERVEXTAGE5-15;2;19467
ERVEXTZEITPUNKT3-2016;ERVEXTAMST4-20;ERVEXTAMST4-90;ERVEXTAGE5-65;1;11
ERVEXTZEITPUNKT3-2016;ERVEXTAMST4-20;ERVEXTAMST4-90;ERVEXTAGE5-65;2;4
ERVEXTZEITPUNKT3-2016;ERVEXTAMST4-30;ERVEXTAMST4-10;ERVEXTAGE5-15;1;449173
ERVEXTZEITPUNKT3-2016;ERVEXTAMST4-30;ERVEXTAMST4-10;ERVEXTAGE5-15;2;289209
ERVEXTZEITPUNKT3-2016;ERVEXTAMST4-30;ERVEXTAMST4-10;ERVEXTAGE5-65;1;161
ERVEXTZEITPUNKT3-2016;ERVEXTAMST4-30;ERVEXTAMST4-10;ERVEXTAGE5-65;2;61
ERVEXTZEITPUNKT3-2016;ERVEXTAMST4-30;ERVEXTAMST4-30;ERVEXTAGE5-15;1;199893
ERVEXTZEITPUNKT3-2016;ERVEXTAMST4-30;ERVEXTAMST4-30;ERVEXTAGE5-15;2;194307
ERVEXTZEITPUNKT3-2016;ERVEXTAMST4-30;ERVEXTAMST4-30;ERVEXTAGE5-65;1;57
ERVEXTZEITPUNKT3-2016;ERVEXTAMST4-30;ERVEXTAMST4-30;ERVEXTAGE5-65;2;13
ERVEXTZEITPUNKT3-2016;ERVEXTAMST4-30;ERVEXTAMST4-40;ERVEXTAGE5-15;1;13931
ERVEXTZEITPUNKT3-2016;ERVEXTAMST4-30;ERVEXTAMST4-40;ERVEXTAGE5-15;2;8491
ERVEXTZEITPUNKT3-2016;ERVEXTAMST4-30;ERVEXTAMST4-40;ERVEXTAGE5-65;1;460
ERVEXTZEITPUNKT3-2016;ERVEXTAMST4-30;ERVEXTAMST4-40;ERVEXTAGE5-65;2;42
ERVEXTZEITPUNKT3-2016;ERVEXTAMST4-30;ERVEXTAMST4-50;ERVEXTAGE5-15;1;9922
ERVEXTZEITPUNKT3-2016;ERVEXTAMST4-30;ERVEXTAMST4-50;ERVEXTAGE5-15;2;10142
ERVEXTZEITPUNKT3-2016;ERVEXTAMST4-30;ERVEXTAMST4-90;ERVEXTAGE5-15;1;324274
ERVEXTZEITPUNKT3-2016;ERVEXTAMST4-30;ERVEXTAMST4-90;ERVEXTAGE5-15;2;264432
ERVEXTZEITPUNKT3-2016;ERVEXTAMST4-30;ERVEXTAMST4-90;ERVEXTAGE5-65;1;618
ERVEXTZEITPUNKT3-2016;ERVEXTAMST4-30;ERVEXTAMST4-90;ERVEXTAGE5-65;2;117
ERVEXTZEITPUNKT3-2016;ERVEXTAMST4-40;ERVEXTAMST4-10;ERVEXTAGE5-15;1;17513
ERVEXTZEITPUNKT3-2016;ERVEXTAMST4-40;ERVEXTAMST4-10;ERVEXTAGE5-15;2;22861
ERVEXTZEITPUNKT3-2016;ERVEXTAMST4-40;ERVEXTAMST4-10;ERVEXTAGE5-65;1;20442
ERVEXTZEITPUNKT3-2016;ERVEXTAMST4-40;ERVEXTAMST4-10;ERVEXTAGE5-65;2;11431
ERVEXTZEITPUNKT3-2016;ERVEXTAMST4-40;ERVEXTAMST4-30;ERVEXTAGE5-15;1;10096
ERVEXTZEITPUNKT3-2016;ERVEXTAMST4-40;ERVEXTAMST4-30;ERVEXTAGE5-15;2;5388
ERVEXTZEITPUNKT3-2016;ERVEXTAMST4-40;ERVEXTAMST4-30;ERVEXTAGE5-65;1;45
ERVEXTZEITPUNKT3-2016;ERVEXTAMST4-40;ERVEXTAMST4-30;ERVEXTAGE5-65;2;9
ERVEXTZEITPUNKT3-2016;ERVEXTAMST4-40;ERVEXTAMST4-40;ERVEXTAGE5-15;1;944
ERVEXTZEITPUNKT3-2016;ERVEXTAMST4-40;ERVEXTAMST4-40;ERVEXTAGE5-15;2;16250
ERVEXTZEITPUNKT3-2016;ERVEXTAMST4-40;ERVEXTAMST4-40;ERVEXTAGE5-65;1;12324
ERVEXTZEITPUNKT3-2016;ERVEXTAMST4-40;ERVEXTAMST4-40;ERVEXTAGE5-65;2;548
ERVEXTZEITPUNKT3-2016;ERVEXTAMST4-40;ERVEXTAMST4-50;ERVEXTAGE5-15;1;14
ERVEXTZEITPUNKT3-2016;ERVEXTAMST4-40;ERVEXTAMST4-50;ERVEXTAGE5-15;2;7
ERVEXTZEITPUNKT3-2016;ERVEXTAMST4-40;ERVEXTAMST4-90;ERVEXTAGE5-15;1;4860
ERVEXTZEITPUNKT3-2016;ERVEXTAMST4-40;ERVEXTAMST4-90;ERVEXTAGE5-15;2;2933
ERVEXTZEITPUNKT3-2016;ERVEXTAMST4-40;ERVEXTAMST4-90;ERVEXTAGE5-65;1;35707
ERVEXTZEITPUNKT3-2016;ERVEXTAMST4-40;ERVEXTAMST4-90;ERVEXTAGE5-65;2;40123
ERVEXTZEITPUNKT3-2016;ERVEXTAMST4-50;ERVEXTAMST4-10;ERVEXTAGE5-15;1;147901
ERVEXTZEITPUNKT3-2016;ERVEXTAMST4-50;ERVEXTAMST4-10;ERVEXTAGE5-15;2;208505
ERVEXTZEITPUNKT3-2016;ERVEXTAMST4-50;ERVEXTAMST4-30;ERVEXTAGE5-15;1;14413
ERVEXTZEITPUNKT3-2016;ERVEXTAMST4-50;ERVEXTAMST4-30;ERVEXTAGE5-15;2;14180
ERVEXTZEITPUNKT3-2016;ERVEXTAMST4-50;ERVEXTAMST4-30;ERVEXTAGE5-65;1;1
ERVEXTZEITPUNKT3-2016;ERVEXTAMST4-50;ERVEXTAMST4-40;ERVEXTAGE5-15;1;41
ERVEXTZEITPUNKT3-2016;ERVEXTAMST4-50;ERVEXTAMST4-40;ERVEXTAGE5-15;2;47
ERVEXTZEITPUNKT3-2016;ERVEXTAMST4-50;ERVEXTAMST4-40;ERVEXTAGE5-65;1;3
ERVEXTZEITPUNKT3-2016;ERVEXTAMST4-50;ERVEXTAMST4-50;ERVEXTAGE5-15;1;10702
ERVEXTZEITPUNKT3-2016;ERVEXTAMST4-50;ERVEXTAMST4-50;ERVEXTAGE5-15;2;17497
ERVEXTZEITPUNKT3-2016;ERVEXTAMST4-50;ERVEXTAMST4-90;ERVEXTAGE5-15;1;36026
ERVEXTZEITPUNKT3-2016;ERVEXTAMST4-50;ERVEXTAMST4-90;ERVEXTAGE5-15;2;35727
ERVEXTZEITPUNKT3-2016;ERVEXTAMST4-50;ERVEXTAMST4-90;ERVEXTAGE5-15;0;1
ERVEXTZEITPUNKT3-2016;ERVEXTAMST4-50;ERVEXTAMST4-90;ERVEXTAGE5-65;1;17
ERVEXTZEITPUNKT3-2016;ERVEXTAMST4-50;ERVEXTAMST4-90;ERVEXTAGE5-65;2;11
ERVEXTZEITPUNKT3-2016;ERVEXTAMST4-90;ERVEXTAMST4-10;ERVEXTAGE5-15;1;356949
ERVEXTZEITPUNKT3-2016;ERVEXTAMST4-90;ERVEXTAMST4-10;ERVEXTAGE5-15;2;320952
ERVEXTZEITPUNKT3-2016;ERVEXTAMST4-90;ERVEXTAMST4-10;ERVEXTAGE5-15;0;35
ERVEXTZEITPUNKT3-2016;ERVEXTAMST4-90;ERVEXTAMST4-10;ERVEXTAGE5-65;1;2889
ERVEXTZEITPUNKT3-2016;ERVEXTAMST4-90;ERVEXTAMST4-10;ERVEXTAGE5-65;2;3836
ERVEXTZEITPUNKT3-2016;ERVEXTAMST4-90;ERVEXTAMST4-30;ERVEXTAGE5-15;1;368459
ERVEXTZEITPUNKT3-2016;ERVEXTAMST4-90;ERVEXTAMST4-30;ERVEXTAGE5-15;2;297512
ERVEXTZEITPUNKT3-2016;ERVEXTAMST4-90;ERVEXTAMST4-30;ERVEXTAGE5-65;1;582
ERVEXTZEITPUNKT3-2016;ERVEXTAMST4-90;ERVEXTAMST4-30;ERVEXTAGE5-65;2;104
ERVEXTZEITPUNKT3-2016;ERVEXTAMST4-90;ERVEXTAMST4-40;ERVEXTAGE5-15;1;9258
ERVEXTZEITPUNKT3-2016;ERVEXTAMST4-90;ERVEXTAMST4-40;ERVEXTAGE5-15;2;14406
ERVEXTZEITPUNKT3-2016;ERVEXTAMST4-90;ERVEXTAMST4-40;ERVEXTAGE5-65;1;4621
ERVEXTZEITPUNKT3-2016;ERVEXTAMST4-90;ERVEXTAMST4-40;ERVEXTAGE5-65;2;8087
ERVEXTZEITPUNKT3-2016;ERVEXTAMST4-90;ERVEXTAMST4-50;ERVEXTAGE5-15;1;18826
ERVEXTZEITPUNKT3-2016;ERVEXTAMST4-90;ERVEXTAMST4-50;ERVEXTAGE5-15;2;20133
ERVEXTZEITPUNKT3-2016;ERVEXTAMST4-90;ERVEXTAMST4-50;ERVEXTAGE5-65;1;11
ERVEXTZEITPUNKT3-2016;ERVEXTAMST4-90;ERVEXTAMST4-50;ERVEXTAGE5-65;2;7
ERVEXTZEITPUNKT3-2016;ERVEXTAMST4-90;ERVEXTAMST4-90;ERVEXTAGE5-15;1;281442
ERVEXTZEITPUNKT3-2016;ERVEXTAMST4-90;ERVEXTAMST4-90;ERVEXTAGE5-15;2;287953
ERVEXTZEITPUNKT3-2016;ERVEXTAMST4-90;ERVEXTAMST4-90;ERVEXTAGE5-15;0;11
ERVEXTZEITPUNKT3-2016;ERVEXTAMST4-90;ERVEXTAMST4-90;ERVEXTAGE5-65;1;5692
ERVEXTZEITPUNKT3-2016;ERVEXTAMST4-90;ERVEXTAMST4-90;ERVEXTAGE5-65;2;16383
ERVEXTZEITPUNKT3-2017;ERVEXTAMST4-10;ERVEXTAMST4-10;ERVEXTAGE5-15;1;361379
ERVEXTZEITPUNKT3-2017;ERVEXTAMST4-10;ERVEXTAMST4-10;ERVEXTAGE5-15;2;309026
ERVEXTZEITPUNKT3-2017;ERVEXTAMST4-10;ERVEXTAMST4-10;ERVEXTAGE5-15;0;6
ERVEXTZEITPUNKT3-2017;ERVEXTAMST4-10;ERVEXTAMST4-10;ERVEXTAGE5-65;1;4332
ERVEXTZEITPUNKT3-2017;ERVEXTAMST4-10;ERVEXTAMST4-10;ERVEXTAGE5-65;2;2259
ERVEXTZEITPUNKT3-2017;ERVEXTAMST4-10;ERVEXTAMST4-20;ERVEXTAGE5-15;1;51692
ERVEXTZEITPUNKT3-2017;ERVEXTAMST4-10;ERVEXTAMST4-20;ERVEXTAGE5-15;2;103114
ERVEXTZEITPUNKT3-2017;ERVEXTAMST4-10;ERVEXTAMST4-20;ERVEXTAGE5-65;1;135
ERVEXTZEITPUNKT3-2017;ERVEXTAMST4-10;ERVEXTAMST4-20;ERVEXTAGE5-65;2;82
ERVEXTZEITPUNKT3-2017;ERVEXTAMST4-10;ERVEXTAMST4-30;ERVEXTAGE5-15;1;391810
ERVEXTZEITPUNKT3-2017;ERVEXTAMST4-10;ERVEXTAMST4-30;ERVEXTAGE5-15;2;251452
ERVEXTZEITPUNKT3-2017;ERVEXTAMST4-10;ERVEXTAMST4-30;ERVEXTAGE5-65;1;151
ERVEXTZEITPUNKT3-2017;ERVEXTAMST4-10;ERVEXTAMST4-30;ERVEXTAGE5-65;2;71
ERVEXTZEITPUNKT3-2017;ERVEXTAMST4-10;ERVEXTAMST4-40;ERVEXTAGE5-15;1;38501
ERVEXTZEITPUNKT3-2017;ERVEXTAMST4-10;ERVEXTAMST4-40;ERVEXTAGE5-15;2;47540
ERVEXTZEITPUNKT3-2017;ERVEXTAMST4-10;ERVEXTAMST4-40;ERVEXTAGE5-65;1;26485
ERVEXTZEITPUNKT3-2017;ERVEXTAMST4-10;ERVEXTAMST4-40;ERVEXTAGE5-65;2;15133
ERVEXTZEITPUNKT3-2017;ERVEXTAMST4-10;ERVEXTAMST4-50;ERVEXTAGE5-15;1;129394
ERVEXTZEITPUNKT3-2017;ERVEXTAMST4-10;ERVEXTAMST4-50;ERVEXTAGE5-15;2;190656
ERVEXTZEITPUNKT3-2017;ERVEXTAMST4-10;ERVEXTAMST4-50;ERVEXTAGE5-65;1;2
ERVEXTZEITPUNKT3-2017;ERVEXTAMST4-10;ERVEXTAMST4-50;ERVEXTAGE5-65;2;1
ERVEXTZEITPUNKT3-2017;ERVEXTAMST4-10;ERVEXTAMST4-90;ERVEXTAGE5-15;1;378460
ERVEXTZEITPUNKT3-2017;ERVEXTAMST4-10;ERVEXTAMST4-90;ERVEXTAGE5-15;2;296542
ERVEXTZEITPUNKT3-2017;ERVEXTAMST4-10;ERVEXTAMST4-90;ERVEXTAGE5-15;0;68
ERVEXTZEITPUNKT3-2017;ERVEXTAMST4-10;ERVEXTAMST4-90;ERVEXTAGE5-65;1;3776
ERVEXTZEITPUNKT3-2017;ERVEXTAMST4-10;ERVEXTAMST4-90;ERVEXTAGE5-65;2;4928
ERVEXTZEITPUNKT3-2017;ERVEXTAMST4-20;ERVEXTAMST4-10;ERVEXTAGE5-15;1;31672
ERVEXTZEITPUNKT3-2017;ERVEXTAMST4-20;ERVEXTAMST4-10;ERVEXTAGE5-15;2;58996
ERVEXTZEITPUNKT3-2017;ERVEXTAMST4-20;ERVEXTAMST4-10;ERVEXTAGE5-65;1;53
ERVEXTZEITPUNKT3-2017;ERVEXTAMST4-20;ERVEXTAMST4-10;ERVEXTAGE5-65;2;44
ERVEXTZEITPUNKT3-2017;ERVEXTAMST4-20;ERVEXTAMST4-30;ERVEXTAGE5-15;1;5747
ERVEXTZEITPUNKT3-2017;ERVEXTAMST4-20;ERVEXTAMST4-30;ERVEXTAGE5-15;2;6650
ERVEXTZEITPUNKT3-2017;ERVEXTAMST4-20;ERVEXTAMST4-30;ERVEXTAGE5-65;1;5
ERVEXTZEITPUNKT3-2017;ERVEXTAMST4-20;ERVEXTAMST4-30;ERVEXTAGE5-65;2;2
ERVEXTZEITPUNKT3-2017;ERVEXTAMST4-20;ERVEXTAMST4-40;ERVEXTAGE5-15;1;1043
ERVEXTZEITPUNKT3-2017;ERVEXTAMST4-20;ERVEXTAMST4-40;ERVEXTAGE5-15;2;754
ERVEXTZEITPUNKT3-2017;ERVEXTAMST4-20;ERVEXTAMST4-40;ERVEXTAGE5-65;1;50
ERVEXTZEITPUNKT3-2017;ERVEXTAMST4-20;ERVEXTAMST4-40;ERVEXTAGE5-65;2;18
ERVEXTZEITPUNKT3-2017;ERVEXTAMST4-20;ERVEXTAMST4-50;ERVEXTAGE5-15;1;742
ERVEXTZEITPUNKT3-2017;ERVEXTAMST4-20;ERVEXTAMST4-50;ERVEXTAGE5-15;2;1490
ERVEXTZEITPUNKT3-2017;ERVEXTAMST4-20;ERVEXTAMST4-90;ERVEXTAGE5-15;1;4630
ERVEXTZEITPUNKT3-2017;ERVEXTAMST4-20;ERVEXTAMST4-90;ERVEXTAGE5-15;2;18720
ERVEXTZEITPUNKT3-2017;ERVEXTAMST4-20;ERVEXTAMST4-90;ERVEXTAGE5-65;1;14
ERVEXTZEITPUNKT3-2017;ERVEXTAMST4-20;ERVEXTAMST4-90;ERVEXTAGE5-65;2;10
ERVEXTZEITPUNKT3-2017;ERVEXTAMST4-30;ERVEXTAMST4-10;ERVEXTAGE5-15;1;458645
ERVEXTZEITPUNKT3-2017;ERVEXTAMST4-30;ERVEXTAMST4-10;ERVEXTAGE5-15;2;298182
ERVEXTZEITPUNKT3-2017;ERVEXTAMST4-30;ERVEXTAMST4-10;ERVEXTAGE5-65;1;138
ERVEXTZEITPUNKT3-2017;ERVEXTAMST4-30;ERVEXTAMST4-10;ERVEXTAGE5-65;2;67
ERVEXTZEITPUNKT3-2017;ERVEXTAMST4-30;ERVEXTAMST4-30;ERVEXTAGE5-15;1;212864
ERVEXTZEITPUNKT3-2017;ERVEXTAMST4-30;ERVEXTAMST4-30;ERVEXTAGE5-15;2;204041
ERVEXTZEITPUNKT3-2017;ERVEXTAMST4-30;ERVEXTAMST4-30;ERVEXTAGE5-65;1;36
ERVEXTZEITPUNKT3-2017;ERVEXTAMST4-30;ERVEXTAMST4-30;ERVEXTAGE5-65;2;6
ERVEXTZEITPUNKT3-2017;ERVEXTAMST4-30;ERVEXTAMST4-40;ERVEXTAGE5-15;1;12911
ERVEXTZEITPUNKT3-2017;ERVEXTAMST4-30;ERVEXTAMST4-40;ERVEXTAGE5-15;2;7989
ERVEXTZEITPUNKT3-2017;ERVEXTAMST4-30;ERVEXTAMST4-40;ERVEXTAGE5-65;1;610
ERVEXTZEITPUNKT3-2017;ERVEXTAMST4-30;ERVEXTAMST4-40;ERVEXTAGE5-65;2;47
ERVEXTZEITPUNKT3-2017;ERVEXTAMST4-30;ERVEXTAMST4-50;ERVEXTAGE5-15;1;10991
ERVEXTZEITPUNKT3-2017;ERVEXTAMST4-30;ERVEXTAMST4-50;ERVEXTAGE5-15;2;11053
ERVEXTZEITPUNKT3-2017;ERVEXTAMST4-30;ERVEXTAMST4-50;ERVEXTAGE5-65;1;5
ERVEXTZEITPUNKT3-2017;ERVEXTAMST4-30;ERVEXTAMST4-90;ERVEXTAGE5-15;1;329383
ERVEXTZEITPUNKT3-2017;ERVEXTAMST4-30;ERVEXTAMST4-90;ERVEXTAGE5-15;2;274110
ERVEXTZEITPUNKT3-2017;ERVEXTAMST4-30;ERVEXTAMST4-90;ERVEXTAGE5-65;1;494
ERVEXTZEITPUNKT3-2017;ERVEXTAMST4-30;ERVEXTAMST4-90;ERVEXTAGE5-65;2;116
ERVEXTZEITPUNKT3-2017;ERVEXTAMST4-40;ERVEXTAMST4-10;ERVEXTAGE5-15;1;18417
ERVEXTZEITPUNKT3-2017;ERVEXTAMST4-40;ERVEXTAMST4-10;ERVEXTAGE5-15;2;24334
ERVEXTZEITPUNKT3-2017;ERVEXTAMST4-40;ERVEXTAMST4-10;ERVEXTAGE5-65;1;21393
ERVEXTZEITPUNKT3-2017;ERVEXTAMST4-40;ERVEXTAMST4-10;ERVEXTAGE5-65;2;11812
ERVEXTZEITPUNKT3-2017;ERVEXTAMST4-40;ERVEXTAMST4-30;ERVEXTAGE5-15;1;9508
ERVEXTZEITPUNKT3-2017;ERVEXTAMST4-40;ERVEXTAMST4-30;ERVEXTAGE5-15;2;5110
ERVEXTZEITPUNKT3-2017;ERVEXTAMST4-40;ERVEXTAMST4-30;ERVEXTAGE5-65;1;34
ERVEXTZEITPUNKT3-2017;ERVEXTAMST4-40;ERVEXTAMST4-30;ERVEXTAGE5-65;2;16
ERVEXTZEITPUNKT3-2017;ERVEXTAMST4-40;ERVEXTAMST4-40;ERVEXTAGE5-15;1;791
ERVEXTZEITPUNKT3-2017;ERVEXTAMST4-40;ERVEXTAMST4-40;ERVEXTAGE5-15;2;15372
ERVEXTZEITPUNKT3-2017;ERVEXTAMST4-40;ERVEXTAMST4-40;ERVEXTAGE5-65;1;11821
ERVEXTZEITPUNKT3-2017;ERVEXTAMST4-40;ERVEXTAMST4-40;ERVEXTAGE5-65;2;272
ERVEXTZEITPUNKT3-2017;ERVEXTAMST4-40;ERVEXTAMST4-50;ERVEXTAGE5-15;1;9
ERVEXTZEITPUNKT3-2017;ERVEXTAMST4-40;ERVEXTAMST4-50;ERVEXTAGE5-15;2;13
ERVEXTZEITPUNKT3-2017;ERVEXTAMST4-40;ERVEXTAMST4-90;ERVEXTAGE5-15;1;4684
ERVEXTZEITPUNKT3-2017;ERVEXTAMST4-40;ERVEXTAMST4-90;ERVEXTAGE5-15;2;2866
ERVEXTZEITPUNKT3-2017;ERVEXTAMST4-40;ERVEXTAMST4-90;ERVEXTAGE5-65;1;36905
ERVEXTZEITPUNKT3-2017;ERVEXTAMST4-40;ERVEXTAMST4-90;ERVEXTAGE5-65;2;42244
ERVEXTZEITPUNKT3-2017;ERVEXTAMST4-50;ERVEXTAMST4-10;ERVEXTAGE5-15;1;151494
ERVEXTZEITPUNKT3-2017;ERVEXTAMST4-50;ERVEXTAMST4-10;ERVEXTAGE5-15;2;215006
ERVEXTZEITPUNKT3-2017;ERVEXTAMST4-50;ERVEXTAMST4-10;ERVEXTAGE5-65;1;4
ERVEXTZEITPUNKT3-2017;ERVEXTAMST4-50;ERVEXTAMST4-30;ERVEXTAGE5-15;1;15061
ERVEXTZEITPUNKT3-2017;ERVEXTAMST4-50;ERVEXTAMST4-30;ERVEXTAGE5-15;2;14958
ERVEXTZEITPUNKT3-2017;ERVEXTAMST4-50;ERVEXTAMST4-30;ERVEXTAGE5-65;1;2
ERVEXTZEITPUNKT3-2017;ERVEXTAMST4-50;ERVEXTAMST4-40;ERVEXTAGE5-15;1;37
ERVEXTZEITPUNKT3-2017;ERVEXTAMST4-50;ERVEXTAMST4-40;ERVEXTAGE5-15;2;37
ERVEXTZEITPUNKT3-2017;ERVEXTAMST4-50;ERVEXTAMST4-50;ERVEXTAGE5-15;1;10580
ERVEXTZEITPUNKT3-2017;ERVEXTAMST4-50;ERVEXTAMST4-50;ERVEXTAGE5-15;2;16543
ERVEXTZEITPUNKT3-2017;ERVEXTAMST4-50;ERVEXTAMST4-90;ERVEXTAGE5-15;1;36546
ERVEXTZEITPUNKT3-2017;ERVEXTAMST4-50;ERVEXTAMST4-90;ERVEXTAGE5-15;2;35763
ERVEXTZEITPUNKT3-2017;ERVEXTAMST4-50;ERVEXTAMST4-90;ERVEXTAGE5-65;1;16
ERVEXTZEITPUNKT3-2017;ERVEXTAMST4-50;ERVEXTAMST4-90;ERVEXTAGE5-65;2;14
ERVEXTZEITPUNKT3-2017;ERVEXTAMST4-90;ERVEXTAMST4-10;ERVEXTAGE5-15;1;385512
ERVEXTZEITPUNKT3-2017;ERVEXTAMST4-90;ERVEXTAMST4-10;ERVEXTAGE5-15;2;330520
ERVEXTZEITPUNKT3-2017;ERVEXTAMST4-90;ERVEXTAMST4-10;ERVEXTAGE5-15;0;81
ERVEXTZEITPUNKT3-2017;ERVEXTAMST4-90;ERVEXTAMST4-10;ERVEXTAGE5-65;1;3185
ERVEXTZEITPUNKT3-2017;ERVEXTAMST4-90;ERVEXTAMST4-10;ERVEXTAGE5-65;2;4403
ERVEXTZEITPUNKT3-2017;ERVEXTAMST4-90;ERVEXTAMST4-10;ERVEXTAGE5-65;0;1
ERVEXTZEITPUNKT3-2017;ERVEXTAMST4-90;ERVEXTAMST4-30;ERVEXTAGE5-15;1;371888
ERVEXTZEITPUNKT3-2017;ERVEXTAMST4-90;ERVEXTAMST4-30;ERVEXTAGE5-15;2;305795
ERVEXTZEITPUNKT3-2017;ERVEXTAMST4-90;ERVEXTAMST4-30;ERVEXTAGE5-65;1;377
ERVEXTZEITPUNKT3-2017;ERVEXTAMST4-90;ERVEXTAMST4-30;ERVEXTAGE5-65;2;99
ERVEXTZEITPUNKT3-2017;ERVEXTAMST4-90;ERVEXTAMST4-40;ERVEXTAGE5-15;1;9069
ERVEXTZEITPUNKT3-2017;ERVEXTAMST4-90;ERVEXTAMST4-40;ERVEXTAGE5-15;2;14633
ERVEXTZEITPUNKT3-2017;ERVEXTAMST4-90;ERVEXTAMST4-40;ERVEXTAGE5-65;1;4506
ERVEXTZEITPUNKT3-2017;ERVEXTAMST4-90;ERVEXTAMST4-40;ERVEXTAGE5-65;2;8269
ERVEXTZEITPUNKT3-2017;ERVEXTAMST4-90;ERVEXTAMST4-50;ERVEXTAGE5-15;1;18340
ERVEXTZEITPUNKT3-2017;ERVEXTAMST4-90;ERVEXTAMST4-50;ERVEXTAGE5-15;2;20332
ERVEXTZEITPUNKT3-2017;ERVEXTAMST4-90;ERVEXTAMST4-50;ERVEXTAGE5-65;1;12
ERVEXTZEITPUNKT3-2017;ERVEXTAMST4-90;ERVEXTAMST4-50;ERVEXTAGE5-65;2;5
ERVEXTZEITPUNKT3-2017;ERVEXTAMST4-90;ERVEXTAMST4-90;ERVEXTAGE5-15;1;270513
ERVEXTZEITPUNKT3-2017;ERVEXTAMST4-90;ERVEXTAMST4-90;ERVEXTAGE5-15;2;284549
ERVEXTZEITPUNKT3-2017;ERVEXTAMST4-90;ERVEXTAMST4-90;ERVEXTAGE5-15;0;4
ERVEXTZEITPUNKT3-2017;ERVEXTAMST4-90;ERVEXTAMST4-90;ERVEXTAGE5-65;1;5547
ERVEXTZEITPUNKT3-2017;ERVEXTAMST4-90;ERVEXTAMST4-90;ERVEXTAGE5-65;2;16145
ERVEXTZEITPUNKT3-2018;ERVEXTAMST4-10;ERVEXTAMST4-10;ERVEXTAGE5-15;1;377543
ERVEXTZEITPUNKT3-2018;ERVEXTAMST4-10;ERVEXTAMST4-10;ERVEXTAGE5-15;2;318851
ERVEXTZEITPUNKT3-2018;ERVEXTAMST4-10;ERVEXTAMST4-10;ERVEXTAGE5-15;0;5
ERVEXTZEITPUNKT3-2018;ERVEXTAMST4-10;ERVEXTAMST4-10;ERVEXTAGE5-65;1;4885
ERVEXTZEITPUNKT3-2018;ERVEXTAMST4-10;ERVEXTAMST4-10;ERVEXTAGE5-65;2;2403
ERVEXTZEITPUNKT3-2018;ERVEXTAMST4-10;ERVEXTAMST4-20;ERVEXTAGE5-15;1;54350
ERVEXTZEITPUNKT3-2018;ERVEXTAMST4-10;ERVEXTAMST4-20;ERVEXTAGE5-15;2;103055
ERVEXTZEITPUNKT3-2018;ERVEXTAMST4-10;ERVEXTAMST4-20;ERVEXTAGE5-15;0;1
ERVEXTZEITPUNKT3-2018;ERVEXTAMST4-10;ERVEXTAMST4-20;ERVEXTAGE5-65;1;144
ERVEXTZEITPUNKT3-2018;ERVEXTAMST4-10;ERVEXTAMST4-20;ERVEXTAGE5-65;2;91
ERVEXTZEITPUNKT3-2018;ERVEXTAMST4-10;ERVEXTAMST4-30;ERVEXTAGE5-15;1;381162
ERVEXTZEITPUNKT3-2018;ERVEXTAMST4-10;ERVEXTAMST4-30;ERVEXTAGE5-15;2;249279
ERVEXTZEITPUNKT3-2018;ERVEXTAMST4-10;ERVEXTAMST4-30;ERVEXTAGE5-65;1;108
ERVEXTZEITPUNKT3-2018;ERVEXTAMST4-10;ERVEXTAMST4-30;ERVEXTAGE5-65;2;67
ERVEXTZEITPUNKT3-2018;ERVEXTAMST4-10;ERVEXTAMST4-40;ERVEXTAGE5-15;1;40315
ERVEXTZEITPUNKT3-2018;ERVEXTAMST4-10;ERVEXTAMST4-40;ERVEXTAGE5-15;2;50528
ERVEXTZEITPUNKT3-2018;ERVEXTAMST4-10;ERVEXTAMST4-40;ERVEXTAGE5-65;1;29301
ERVEXTZEITPUNKT3-2018;ERVEXTAMST4-10;ERVEXTAMST4-40;ERVEXTAGE5-65;2;16494
ERVEXTZEITPUNKT3-2018;ERVEXTAMST4-10;ERVEXTAMST4-50;ERVEXTAGE5-15;1;137391
ERVEXTZEITPUNKT3-2018;ERVEXTAMST4-10;ERVEXTAMST4-50;ERVEXTAGE5-15;2;203437
ERVEXTZEITPUNKT3-2018;ERVEXTAMST4-10;ERVEXTAMST4-50;ERVEXTAGE5-65;1;2
ERVEXTZEITPUNKT3-2018;ERVEXTAMST4-10;ERVEXTAMST4-50;ERVEXTAGE5-65;2;1
ERVEXTZEITPUNKT3-2018;ERVEXTAMST4-10;ERVEXTAMST4-90;ERVEXTAGE5-15;1;403081
ERVEXTZEITPUNKT3-2018;ERVEXTAMST4-10;ERVEXTAMST4-90;ERVEXTAGE5-15;2;297378
ERVEXTZEITPUNKT3-2018;ERVEXTAMST4-10;ERVEXTAMST4-90;ERVEXTAGE5-15;0;86
ERVEXTZEITPUNKT3-2018;ERVEXTAMST4-10;ERVEXTAMST4-90;ERVEXTAGE5-65;1;4497
ERVEXTZEITPUNKT3-2018;ERVEXTAMST4-10;ERVEXTAMST4-90;ERVEXTAGE5-65;2;5462
ERVEXTZEITPUNKT3-2018;ERVEXTAMST4-20;ERVEXTAMST4-10;ERVEXTAGE5-15;1;34293
ERVEXTZEITPUNKT3-2018;ERVEXTAMST4-20;ERVEXTAMST4-10;ERVEXTAGE5-15;2;60658
ERVEXTZEITPUNKT3-2018;ERVEXTAMST4-20;ERVEXTAMST4-10;ERVEXTAGE5-65;1;68
ERVEXTZEITPUNKT3-2018;ERVEXTAMST4-20;ERVEXTAMST4-10;ERVEXTAGE5-65;2;40
ERVEXTZEITPUNKT3-2018;ERVEXTAMST4-20;ERVEXTAMST4-30;ERVEXTAGE5-15;1;5314
ERVEXTZEITPUNKT3-2018;ERVEXTAMST4-20;ERVEXTAMST4-30;ERVEXTAGE5-15;2;6493
ERVEXTZEITPUNKT3-2018;ERVEXTAMST4-20;ERVEXTAMST4-30;ERVEXTAGE5-65;1;5
ERVEXTZEITPUNKT3-2018;ERVEXTAMST4-20;ERVEXTAMST4-30;ERVEXTAGE5-65;2;1
ERVEXTZEITPUNKT3-2018;ERVEXTAMST4-20;ERVEXTAMST4-40;ERVEXTAGE5-15;1;1050
ERVEXTZEITPUNKT3-2018;ERVEXTAMST4-20;ERVEXTAMST4-40;ERVEXTAGE5-15;2;730
ERVEXTZEITPUNKT3-2018;ERVEXTAMST4-20;ERVEXTAMST4-40;ERVEXTAGE5-65;1;67
ERVEXTZEITPUNKT3-2018;ERVEXTAMST4-20;ERVEXTAMST4-40;ERVEXTAGE5-65;2;35
ERVEXTZEITPUNKT3-2018;ERVEXTAMST4-20;ERVEXTAMST4-50;ERVEXTAGE5-15;1;782
ERVEXTZEITPUNKT3-2018;ERVEXTAMST4-20;ERVEXTAMST4-50;ERVEXTAGE5-15;2;1616
ERVEXTZEITPUNKT3-2018;ERVEXTAMST4-20;ERVEXTAMST4-90;ERVEXTAGE5-15;1;4888
ERVEXTZEITPUNKT3-2018;ERVEXTAMST4-20;ERVEXTAMST4-90;ERVEXTAGE5-15;2;20582
ERVEXTZEITPUNKT3-2018;ERVEXTAMST4-20;ERVEXTAMST4-90;ERVEXTAGE5-65;1;8
ERVEXTZEITPUNKT3-2018;ERVEXTAMST4-20;ERVEXTAMST4-90;ERVEXTAGE5-65;2;6
ERVEXTZEITPUNKT3-2018;ERVEXTAMST4-30;ERVEXTAMST4-10;ERVEXTAGE5-15;1;443576
ERVEXTZEITPUNKT3-2018;ERVEXTAMST4-30;ERVEXTAMST4-10;ERVEXTAGE5-15;2;293251
ERVEXTZEITPUNKT3-2018;ERVEXTAMST4-30;ERVEXTAMST4-10;ERVEXTAGE5-65;1;110
ERVEXTZEITPUNKT3-2018;ERVEXTAMST4-30;ERVEXTAMST4-10;ERVEXTAGE5-65;2;54
ERVEXTZEITPUNKT3-2018;ERVEXTAMST4-30;ERVEXTAMST4-30;ERVEXTAGE5-15;1;173442
ERVEXTZEITPUNKT3-2018;ERVEXTAMST4-30;ERVEXTAMST4-30;ERVEXTAGE5-15;2;184982
ERVEXTZEITPUNKT3-2018;ERVEXTAMST4-30;ERVEXTAMST4-30;ERVEXTAGE5-65;1;19
ERVEXTZEITPUNKT3-2018;ERVEXTAMST4-30;ERVEXTAMST4-30;ERVEXTAGE5-65;2;9
ERVEXTZEITPUNKT3-2018;ERVEXTAMST4-30;ERVEXTAMST4-40;ERVEXTAGE5-15;1;11905
ERVEXTZEITPUNKT3-2018;ERVEXTAMST4-30;ERVEXTAMST4-40;ERVEXTAGE5-15;2;8009
ERVEXTZEITPUNKT3-2018;ERVEXTAMST4-30;ERVEXTAMST4-40;ERVEXTAGE5-65;1;838
ERVEXTZEITPUNKT3-2018;ERVEXTAMST4-30;ERVEXTAMST4-40;ERVEXTAGE5-65;2;40
ERVEXTZEITPUNKT3-2018;ERVEXTAMST4-30;ERVEXTAMST4-50;ERVEXTAGE5-15;1;13658
ERVEXTZEITPUNKT3-2018;ERVEXTAMST4-30;ERVEXTAMST4-50;ERVEXTAGE5-15;2;14125
ERVEXTZEITPUNKT3-2018;ERVEXTAMST4-30;ERVEXTAMST4-50;ERVEXTAGE5-65;2;1
ERVEXTZEITPUNKT3-2018;ERVEXTAMST4-30;ERVEXTAMST4-90;ERVEXTAGE5-15;1;318672
ERVEXTZEITPUNKT3-2018;ERVEXTAMST4-30;ERVEXTAMST4-90;ERVEXTAGE5-15;2;270026
ERVEXTZEITPUNKT3-2018;ERVEXTAMST4-30;ERVEXTAMST4-90;ERVEXTAGE5-65;1;316
ERVEXTZEITPUNKT3-2018;ERVEXTAMST4-30;ERVEXTAMST4-90;ERVEXTAGE5-65;2;136
ERVEXTZEITPUNKT3-2018;ERVEXTAMST4-40;ERVEXTAMST4-10;ERVEXTAGE5-15;1;17937
ERVEXTZEITPUNKT3-2018;ERVEXTAMST4-40;ERVEXTAMST4-10;ERVEXTAGE5-15;2;25446
ERVEXTZEITPUNKT3-2018;ERVEXTAMST4-40;ERVEXTAMST4-10;ERVEXTAGE5-65;1;23227
ERVEXTZEITPUNKT3-2018;ERVEXTAMST4-40;ERVEXTAMST4-10;ERVEXTAGE5-65;2;12933
ERVEXTZEITPUNKT3-2018;ERVEXTAMST4-40;ERVEXTAMST4-30;ERVEXTAGE5-15;1;8629
ERVEXTZEITPUNKT3-2018;ERVEXTAMST4-40;ERVEXTAMST4-30;ERVEXTAGE5-15;2;4892
ERVEXTZEITPUNKT3-2018;ERVEXTAMST4-40;ERVEXTAMST4-30;ERVEXTAGE5-65;1;29
ERVEXTZEITPUNKT3-2018;ERVEXTAMST4-40;ERVEXTAMST4-30;ERVEXTAGE5-65;2;12
ERVEXTZEITPUNKT3-2018;ERVEXTAMST4-40;ERVEXTAMST4-40;ERVEXTAGE5-15;1;403
ERVEXTZEITPUNKT3-2018;ERVEXTAMST4-40;ERVEXTAMST4-40;ERVEXTAGE5-15;2;13852
ERVEXTZEITPUNKT3-2018;ERVEXTAMST4-40;ERVEXTAMST4-40;ERVEXTAGE5-65;1;11970
ERVEXTZEITPUNKT3-2018;ERVEXTAMST4-40;ERVEXTAMST4-40;ERVEXTAGE5-65;2;264
ERVEXTZEITPUNKT3-2018;ERVEXTAMST4-40;ERVEXTAMST4-50;ERVEXTAGE5-15;1;11
ERVEXTZEITPUNKT3-2018;ERVEXTAMST4-40;ERVEXTAMST4-50;ERVEXTAGE5-15;2;9
ERVEXTZEITPUNKT3-2018;ERVEXTAMST4-40;ERVEXTAMST4-90;ERVEXTAGE5-15;1;4625
ERVEXTZEITPUNKT3-2018;ERVEXTAMST4-40;ERVEXTAMST4-90;ERVEXTAGE5-15;2;2843
ERVEXTZEITPUNKT3-2018;ERVEXTAMST4-40;ERVEXTAMST4-90;ERVEXTAGE5-65;1;37187
ERVEXTZEITPUNKT3-2018;ERVEXTAMST4-40;ERVEXTAMST4-90;ERVEXTAGE5-65;2;41465
ERVEXTZEITPUNKT3-2018;ERVEXTAMST4-50;ERVEXTAMST4-10;ERVEXTAGE5-15;1;163341
ERVEXTZEITPUNKT3-2018;ERVEXTAMST4-50;ERVEXTAMST4-10;ERVEXTAGE5-15;2;227691
ERVEXTZEITPUNKT3-2018;ERVEXTAMST4-50;ERVEXTAMST4-10;ERVEXTAGE5-65;1;1
ERVEXTZEITPUNKT3-2018;ERVEXTAMST4-50;ERVEXTAMST4-10;ERVEXTAGE5-65;2;1
ERVEXTZEITPUNKT3-2018;ERVEXTAMST4-50;ERVEXTAMST4-30;ERVEXTAGE5-15;1;17657
ERVEXTZEITPUNKT3-2018;ERVEXTAMST4-50;ERVEXTAMST4-30;ERVEXTAGE5-15;2;17320
ERVEXTZEITPUNKT3-2018;ERVEXTAMST4-50;ERVEXTAMST4-40;ERVEXTAGE5-15;1;28
ERVEXTZEITPUNKT3-2018;ERVEXTAMST4-50;ERVEXTAMST4-40;ERVEXTAGE5-15;2;44
ERVEXTZEITPUNKT3-2018;ERVEXTAMST4-50;ERVEXTAMST4-40;ERVEXTAGE5-65;1;2
ERVEXTZEITPUNKT3-2018;ERVEXTAMST4-50;ERVEXTAMST4-40;ERVEXTAGE5-65;2;1
ERVEXTZEITPUNKT3-2018;ERVEXTAMST4-50;ERVEXTAMST4-50;ERVEXTAGE5-15;1;10415
ERVEXTZEITPUNKT3-2018;ERVEXTAMST4-50;ERVEXTAMST4-50;ERVEXTAGE5-15;2;16720
ERVEXTZEITPUNKT3-2018;ERVEXTAMST4-50;ERVEXTAMST4-90;ERVEXTAGE5-15;1;32611
ERVEXTZEITPUNKT3-2018;ERVEXTAMST4-50;ERVEXTAMST4-90;ERVEXTAGE5-15;2;33642
ERVEXTZEITPUNKT3-2018;ERVEXTAMST4-50;ERVEXTAMST4-90;ERVEXTAGE5-65;1;20
ERVEXTZEITPUNKT3-2018;ERVEXTAMST4-50;ERVEXTAMST4-90;ERVEXTAGE5-65;2;9
ERVEXTZEITPUNKT3-2018;ERVEXTAMST4-90;ERVEXTAMST4-10;ERVEXTAGE5-15;1;408244
ERVEXTZEITPUNKT3-2018;ERVEXTAMST4-90;ERVEXTAMST4-10;ERVEXTAGE5-15;2;330062
ERVEXTZEITPUNKT3-2018;ERVEXTAMST4-90;ERVEXTAMST4-10;ERVEXTAGE5-15;0;87
ERVEXTZEITPUNKT3-2018;ERVEXTAMST4-90;ERVEXTAMST4-10;ERVEXTAGE5-65;1;3775
ERVEXTZEITPUNKT3-2018;ERVEXTAMST4-90;ERVEXTAMST4-10;ERVEXTAGE5-65;2;4984
ERVEXTZEITPUNKT3-2018;ERVEXTAMST4-90;ERVEXTAMST4-30;ERVEXTAGE5-15;1;356288
ERVEXTZEITPUNKT3-2018;ERVEXTAMST4-90;ERVEXTAMST4-30;ERVEXTAGE5-15;2;301450
ERVEXTZEITPUNKT3-2018;ERVEXTAMST4-90;ERVEXTAMST4-30;ERVEXTAGE5-65;1;236
ERVEXTZEITPUNKT3-2018;ERVEXTAMST4-90;ERVEXTAMST4-30;ERVEXTAGE5-65;2;120
ERVEXTZEITPUNKT3-2018;ERVEXTAMST4-90;ERVEXTAMST4-40;ERVEXTAGE5-15;1;9300
ERVEXTZEITPUNKT3-2018;ERVEXTAMST4-90;ERVEXTAMST4-40;ERVEXTAGE5-15;2;13809
ERVEXTZEITPUNKT3-2018;ERVEXTAMST4-90;ERVEXTAMST4-40;ERVEXTAGE5-65;1;4262
ERVEXTZEITPUNKT3-2018;ERVEXTAMST4-90;ERVEXTAMST4-40;ERVEXTAGE5-65;2;7863
ERVEXTZEITPUNKT3-2018;ERVEXTAMST4-90;ERVEXTAMST4-50;ERVEXTAGE5-15;1;16692
ERVEXTZEITPUNKT3-2018;ERVEXTAMST4-90;ERVEXTAMST4-50;ERVEXTAGE5-15;2;18341
ERVEXTZEITPUNKT3-2018;ERVEXTAMST4-90;ERVEXTAMST4-50;ERVEXTAGE5-65;1;8
ERVEXTZEITPUNKT3-2018;ERVEXTAMST4-90;ERVEXTAMST4-50;ERVEXTAGE5-65;2;5
ERVEXTZEITPUNKT3-2018;ERVEXTAMST4-90;ERVEXTAMST4-90;ERVEXTAGE5-15;1;262813
ERVEXTZEITPUNKT3-2018;ERVEXTAMST4-90;ERVEXTAMST4-90;ERVEXTAGE5-15;2;280308
ERVEXTZEITPUNKT3-2018;ERVEXTAMST4-90;ERVEXTAMST4-90;ERVEXTAGE5-15;0;10
ERVEXTZEITPUNKT3-2018;ERVEXTAMST4-90;ERVEXTAMST4-90;ERVEXTAGE5-65;1;5542
ERVEXTZEITPUNKT3-2018;ERVEXTAMST4-90;ERVEXTAMST4-90;ERVEXTAGE5-65;2;15760
